-0.694909,-0.715505,0.0717948,0.598329,-0.519933,0.60965,-0.398879,0.466608,0.789413
0.533886,-0.631458,0.56234,-0.691374,-0.708879,-0.139617,0.486793,-0.314248,-0.815034
0.880137,0.46899,-0.0735336,-0.174341,0.175255,-0.968964,-0.441548,0.865641,0.236013
-0.684792,0.488698,0.540587,-0.72399,-0.371686,-0.581109,-0.0830584,-0.789319,0.60834
-0.838837,-0.525807,-0.140993,0.431561,-0.800169,0.416514,-0.331824,0.288541,0.89813
0.686166,0.394655,0.611084,-0.51043,0.859733,0.0179053,-0.518303,-0.324201,0.791363
0.879999,-0.0622466,0.47088,0.230003,0.923234,-0.307794,-0.415574,0.379162,0.826762
0.435248,-0.516159,-0.737658,0.601601,0.776302,-0.188231,0.669803,-0.361848,0.648406
0.0897125,-0.962495,0.256039,0.768986,-0.0964329,-0.63195,0.632939,0.253584,0.731494
-0.330838,-0.234336,0.914129,0.249221,0.912591,0.324139,-0.910184,0.335058,-0.243519
0.410198,-0.675509,0.612719,0.385951,0.737296,0.554469,-0.826305,0.00903706,0.563151
0.0752323,0.609559,0.789163,-0.994654,0.102012,0.0160266,-0.0707351,-0.78615,0.613975
-0.637345,0.768808,-0.0522059,-0.696704,-0.603865,-0.387235,-0.329235,-0.21043,0.920502
-0.840168,-0.0202204,-0.541949,-0.0335305,-0.995456,0.0891225,-0.541289,0.0930497,0.835672
0.167531,-0.776245,0.607764,-0.205806,0.575357,0.791586,-0.964146,-0.257696,-0.0633659
-0.331275,0.466096,0.820373,0.906099,0.399635,0.138839,-0.263137,0.789333,-0.554719
-0.232179,0.879539,0.415337,-0.282774,0.347527,-0.894016,-0.930662,-0.325018,0.168022
-0.580931,0.0549365,0.812097,0.642876,-0.580972,0.499181,0.499229,0.812067,0.302187
0.356828,-0.736246,0.574992,-0.564328,0.32062,0.760747,-0.744451,-0.59594,-0.301078
-0.815439,0.566806,0.11743,-0.575817,-0.815023,-0.064583,0.0591019,-0.120282,0.990979
-0.319122,-0.651031,-0.688709,-0.403716,-0.564085,0.720293,-0.857423,0.507904,-0.0828191
-0.0110934,-0.77361,-0.633565,-0.820886,0.368846,-0.436003,0.570984,0.515248,-0.639138
-0.700099,-0.711417,-0.061218,0.615195,-0.644481,0.454069,-0.362486,0.280232,0.888861
-0.130647,0.686171,-0.715612,0.907311,0.373709,0.192689,0.399648,-0.624108,-0.671395
-0.875554,-0.1622,-0.455079,0.0251643,-0.955989,0.29232,-0.482465,0.24449,0.841102
-0.312582,-0.946894,-0.0753981,-0.220135,-0.0050032,0.975457,-0.924031,0.321507,-0.20688
0.0888774,-0.988932,-0.118805,0.759758,-0.00982214,0.650132,-0.644103,-0.148045,0.750476
0.701187,-0.406402,0.585811,0.573613,0.809537,-0.124977,-0.423445,0.423661,0.800754
0.69213,-0.222793,-0.686527,-0.316744,0.760929,-0.566268,0.648559,0.609385,0.456093
-0.464246,-0.751288,0.469086,0.382309,0.307763,0.871276,-0.798946,0.583823,0.144346
-0.904769,0.221678,-0.363665,0.0553007,0.907786,0.415772,0.422298,0.356067,-0.833595
0.657879,-0.236232,0.715115,0.641726,0.672821,-0.368104,-0.394186,0.701075,0.594231
0.749797,0.660922,0.0314092,0.315847,-0.399224,0.860733,0.581417,-0.635454,-0.508087
-0.541887,-0.839351,-0.042992,0.360142,-0.185681,-0.914232,0.759379,-0.510894,0.402903
0.87679,-0.239494,0.416992,0.47735,0.538254,-0.694564,-0.0581033,0.808038,0.586258
0.702446,-0.443939,0.556317,0.618801,0.767111,-0.169191,-0.351647,0.463097,0.813564
0.742765,0.495687,0.450104,0.156808,-0.782334,0.602798,0.650931,-0.377157,-0.658818
-0.451991,0.127534,0.882859,-0.471292,-0.874453,-0.114964,0.757356,-0.468046,0.455351
-0.336797,-0.917861,-0.209999,-0.596659,0.38058,-0.70651,0.728399,-0.112653,-0.675829
-0.249792,0.635573,-0.730514,0.408263,0.753223,0.515729,0.878023,-0.169416,-0.447631
0.762262,0.535474,0.363626,-0.646244,0.598002,0.474091,0.0364144,-0.596373,0.801881
-0.688282,0.624131,0.369767,-0.690714,-0.719632,-0.0710223,0.221769,-0.304287,0.926406
-0.643627,0.281563,0.711665,0.360302,-0.708907,0.606328,0.675223,0.646663,0.354824
0.259433,-0.551652,0.792701,0.407443,0.8067,0.428048,-0.875605,0.211931,0.434052
-0.85756,0.351319,0.375721,0.0602388,-0.656812,0.751645,0.510845,0.667213,0.542092
0.939792,-0.339419,-0.0398225,-0.335338,-0.893423,-0.298905,0.0658757,0.294263,-0.953451
0.884501,-0.448351,-0.128995,-0.464922,-0.824077,-0.323642,0.0388038,0.346235,-0.937345
0.354662,-0.236997,-0.904459,-0.624134,0.66026,-0.417748,0.696183,0.712664,0.0862514
0.663912,0.00662668,-0.747782,-0.392067,-0.848424,-0.355612,-0.636793,0.529275,-0.560681
-0.138651,0.936614,-0.321762,-0.00960361,0.323613,0.946141,0.990295,0.134274,-0.0358745
-0.546307,-0.256974,0.797191,0.769697,0.221336,0.598813,-0.330327,0.940731,0.0768746
0.818616,0.0989416,-0.565755,0.399308,0.609983,0.684452,0.412822,-0.786213,0.459833
-0.460624,-0.431516,0.775641,0.298474,0.747674,0.593209,-0.835906,0.504755,-0.2156
0.670547,0.653432,0.351273,-0.096237,0.546114,-0.832165,-0.735598,0.5242,0.42908
0.828399,-0.551907,-0.0956805,0.559501,0.807142,0.188362,-0.0267303,-0.209572,0.977428
0.270538,-0.573396,0.773322,0.913947,-0.0994368,-0.393464,0.302507,0.813222,0.497152
-0.892611,0.139976,-0.428548,0.448692,0.183397,-0.874666,-0.0438383,-0.973022,-0.226508
0.889374,-0.266994,0.371118,0.39731,0.0497732,-0.916334,0.226184,0.962412,0.150346
-0.0518536,0.634196,0.771432,0.604496,0.634811,-0.481247,-0.794918,0.441373,-0.416286
0.7722,0.0967608,-0.627968,-0.426379,0.811669,-0.399243,0.471071,0.576048,0.668028
-0.50507,-0.294446,0.811299,0.456559,0.706566,0.540664,-0.732433,0.643479,-0.222433
-0.659055,-0.724026,-0.203548,0.357662,-0.5398,0.762033,-0.661607,0.429421,0.614715
0.417996,0.582186,0.69738,-0.816771,0.576907,0.00794465,-0.397698,-0.572921,0.716658
-0.150801,-0.732433,-0.663928,0.687773,0.404686,-0.602659,0.71009,-0.547514,0.442721
0.642209,-0.697411,0.318097,0.644597,0.26679,-0.716462,0.414804,0.665163,0.620884
0.457002,-0.873512,-0.16771,-0.0220474,-0.199618,0.979626,-0.889192,-0.443993,-0.110484
-0.487949,-0.540604,0.685312,-0.0406644,-0.770192,-0.636515,0.871924,-0.338455,0.353831
0.268248,-0.578541,0.770281,-0.707919,0.423919,0.564927,-0.65337,-0.696838,-0.295845
0.995772,0.090336,0.0166865,-0.0646752,0.818389,-0.571014,-0.0652392,0.56752,0.820771
0.248819,-0.189895,0.949752,-0.308659,-0.945012,-0.108084,0.918052,-0.266256,-0.293749
-0.470515,-0.652122,0.594435,0.0628989,0.647162,0.759753,-0.880147,0.394865,-0.263482
-0.141876,0.266609,0.953305,0.449776,0.875256,-0.177843,-0.881801,0.403542,-0.244092
0.879798,0.325818,0.346118,-0.458483,0.389418,0.798841,0.125492,-0.861508,0.491992
-0.802895,-0.592785,0.0629777,0.572785,-0.737878,0.357007,-0.165159,0.322712,0.931976
-0.905716,0.263306,0.332188,0.235463,-0.339126,0.910797,0.352472,0.903141,0.245153
-0.392354,-0.454898,0.799454,0.912016,-0.0794593,0.402384,-0.11952,0.886991,0.446051
0.120019,0.0772508,0.989761,-0.0060137,-0.996893,0.0785366,0.992753,-0.015378,-0.119182
0.21481,0.93355,-0.286951,-0.960816,0.149297,-0.233545,-0.175185,0.325875,0.92904
0.432666,0.392356,0.8117,0.888719,-0.0342295,-0.457174,-0.151591,0.919176,-0.363504
0.943779,-0.323468,0.0681855,0.140773,0.579883,0.802446,-0.299105,-0.747733,0.592817
0.0300641,-0.890969,-0.453067,0.40435,-0.403687,0.820694,-0.91411,-0.207871,0.348127
0.692162,0.662977,-0.285259,0.1504,0.254068,0.955421,0.705897,-0.704209,0.076145
0.658803,-0.0746551,-0.748602,-0.3522,0.848679,-0.394587,0.664781,0.523613,0.532818
0.733715,-0.294881,0.612134,-0.12513,0.826864,0.548305,-0.667836,-0.478896,0.569784
0.0157715,0.210477,0.977472,0.345992,0.91605,-0.202834,-0.938105,0.341396,-0.0583759
0.988179,0.0886384,-0.125084,-0.142252,0.834354,-0.532557,0.0571595,0.544055,0.8371
0.927559,0.318821,0.194907,0.134795,0.200999,-0.970273,-0.348519,0.926257,0.143463
0.544722,-0.636254,0.546314,0.796515,0.596346,-0.0996717,-0.262376,0.489441,0.831629
-0.309831,0.343622,0.886526,0.436806,0.879629,-0.18829,-0.844515,0.328901,-0.422633
0.803436,-0.205736,0.558715,0.583018,0.081548,-0.808356,0.120746,0.975204,0.185466
-0.633018,-0.755866,0.167197,-0.703268,0.651771,0.283917,-0.323578,0.0621402,-0.944159
0.421278,0.820822,-0.385715,0.0118932,-0.43026,-0.902627,-0.906854,0.375669,-0.191021
-0.837036,0.37352,-0.399816,-0.309055,-0.925758,-0.217847,-0.451503,-0.0587808,0.890331
0.0357185,0.990791,-0.130606,-0.714809,0.116661,0.68952,0.698407,0.0687295,0.712393
0.283724,0.949343,-0.135085,-0.388349,-0.015044,-0.92139,-0.876747,0.31388,0.364408
-0.00491328,0.175606,0.984448,-0.679299,-0.723036,0.125585,0.733845,-0.668118,0.122841
-0.291305,0.265751,-0.918977,-0.629563,-0.776547,-0.024999,-0.720272,0.571272,0.393519
0.856907,-0.509555,-0.0778682,0.461853,0.826048,-0.323012,0.228915,0.240828,0.943186
0.327888,-0.93769,0.115011,-0.734113,-0.329522,-0.593712,0.594616,0.11024,-0.796416
-0.0760107,0.736593,0.672051,0.9017,0.338485,-0.269008,-0.425629,0.585541,-0.689914
0.0743332,0.778205,-0.623596,-0.035622,-0.622855,-0.781526,-0.996597,0.0803071,-0.0185776
0.642278,-0.616133,0.455917,0.697794,0.716136,-0.0152277,-0.317116,0.327916,0.889892
0.0457992,-0.235438,-0.97081,-0.47452,-0.860314,0.186255,-0.879052,0.452139,-0.151122
0.830276,-0.517613,-0.206686,-0.295143,-0.722891,0.624755,-0.472793,-0.457717,-0.752969
-0.875968,0.0845954,0.474893,0.134003,-0.903073,0.408046,0.463382,0.421073,0.779727
-0.0926339,0.781041,0.61757,-0.443103,-0.587773,0.676892,0.891672,-0.210944,0.40053
0.693254,0.540523,0.47669,0.349297,0.326553,-0.878268,-0.630389,0.77537,0.0375809
0.421243,0.724654,0.545372,0.618219,-0.669404,0.41195,0.663596,0.163629,-0.729977
0.302893,0.358391,0.883069,0.691221,0.555294,-0.462453,-0.656102,0.750469,-0.0795331
0.476899,-0.79855,0.367269,0.562037,0.598307,0.571089,-0.675783,-0.0659329,0.734146
0.775392,-0.0903155,0.624988,0.475789,-0.567189,-0.672251,0.415201,0.818621,-0.396823
0.337889,-0.865009,-0.370932,-0.209616,-0.453375,0.866321,-0.917547,-0.214967,-0.33451
-0.552536,-0.833182,-0.0226048,0.833484,-0.552242,-0.018243,0.00271643,-0.0289207,0.999578
0.771145,-0.5543,0.313187,-0.60628,-0.48921,0.626976,-0.194319,-0.673368,-0.713313
0.981654,0.00520426,-0.1906,-0.0600501,0.957196,-0.283142,0.180968,0.289393,0.939948
-0.890991,-0.415916,0.182069,-0.240192,0.0915007,-0.966403,0.385283,-0.904788,-0.181426
0.940733,-0.326487,-0.0917992,0.22362,0.393626,0.891657,-0.25498,-0.85934,0.443306
0.216754,-0.459603,-0.861268,0.75993,0.633241,-0.14667,0.6128,-0.622712,0.486523
0.957439,-0.22598,-0.179565,0.281207,0.590078,0.75679,-0.065062,-0.775075,0.628511
-0.367386,0.8704,0.327767,-0.828523,-0.466399,0.309873,0.422584,-0.157719,0.892495
0.194886,-0.844515,0.498812,-0.939245,-0.307195,-0.153135,0.282557,-0.438663,-0.853075
0.0197441,-0.276877,0.960702,-0.00145645,0.960881,0.276959,-0.999804,-0.00686752,0.0185685
-0.571321,0.0924314,0.815505,-0.784961,0.228593,-0.575832,-0.239643,-0.969124,-0.0580447
-0.644549,0.609123,0.462089,0.473884,-0.156012,0.866657,0.599992,0.777579,-0.188097
0.637487,-0.72581,-0.258477,0.112436,0.419531,-0.90075,0.762213,0.545154,0.349053
0.8432787603603642,-0.45144531138998056,0.2916814412147106,0.4592475449427481,0.8871502560668323,0.04534441117285515,-0.27923578708529806,0.0957160069401024,0.9554401191211811
-0.07858259107776522,0.11625596819959191,0.9901057146777207,0.9968937618748679,0.003929625131691483,0.07865993631638818,0.005253942755550911,0.9932115121686316,-0.11620364960370894
0.818545445551091,-0.1010330961067386,0.5654871060056561,0.5249282511130453,0.531377149545998,-0.6648974779045034,-0.23331027570804735,0.8410889598796647,0.4879914720746443
0.8027684419108296,0.587898094369443,0.09969282476104868,-0.437682673171216,0.46740119665400776,0.7680950455328432,0.40496506797223636,-0.6602362849792336,0.6325277398810765
0.5971612906057703,0.5613056025798262,0.5730047238152127,0.7214654653701245,-0.6880579033394217,-0.07787107248798204,0.35055095960547555,0.45990470987440124,-0.8158441533497819
0.8247054643249341,0.25244583182986624,0.5060948518848245,0.11336351908204313,-0.9504783107529563,0.28937811480749953,0.5540844788061934,-0.18127901913882383,-0.812482804474123
0.9698196272064628,0.1202276259836503,0.21212074070079176,0.14397642971207048,0.41972633421085115,-0.8961587984600085,-0.19677570574764117,0.899652778754257,0.3897488926312188
-0.5701391575775071,0.695828323005862,0.4367657105355916,0.4803994089278963,-0.14890131103845333,0.8643175385659823,0.6664516103203131,0.7026032624987446,-0.24938104704965525
0.9997845112751299,-0.018459645491550936,0.009495920317494466,0.018635764168663194,0.9996494733610187,-0.018805283908717496,-0.009145452870138848,0.018978195313668372,0.9997780697707048
0.3048677606860896,-0.02466525144525411,0.9520752459051706,0.9295091156135828,-0.21012385775444883,-0.30308541435318703,0.2075294014965201,0.9773635913893715,-0.04113341392305625
0.9282290541467559,0.03619074482200574,0.37024458541219446,0.046308367145314444,0.976274397890573,-0.21152738630195034,-0.36911564335605457,0.21349128790802727,0.9045303266431803
0.9997325868777509,-0.012210140457891483,0.019638411461205985,0.01266716032473103,0.9996478402723339,-0.023318200791813404,-0.01934677709668059,0.023560728105436357,0.9995351891289846
-0.573132922091175,0.7792840875626628,0.2534461767059442,0.8149208682969536,0.5745282389816555,0.07629731991871114,-0.08615469824317007,0.25026708430048705,-0.9643359137180167
0.3069980854648322,0.9164329473764268,-0.25671546210519414,0.16756471090921315,0.21347872670582116,0.9624702077996874,0.9368426992717827,-0.33849296330502515,-0.08802426150865192
0.540792553690843,0.19330615764322195,-0.8186428667555531,0.027935448864546575,0.9685711968552813,0.24716279517569834,0.8406919914982376,-0.15653295512300824,0.5183959966967197
0.8375182438192621,-0.07828709852291973,0.5407719680926164,0.5379300393742258,-0.055542768369276664,-0.8411576984256407,0.0958877677743265,0.9953824044490338,-0.004405099830568651
-0.7478564398880799,-0.010900163588351691,0.6637709934545752,0.6273709905811974,0.31532248501614707,0.712023434038803,-0.21706309104749594,0.9489219761798069,-0.22897750463291694
0.343608458873236,0.47854118669304635,0.8080418056197164,0.8783334196984349,-0.46827400207880676,-0.09617620713020164,0.3323606938728068,0.7427770807015448,-0.5812216251593518
0.6415857656500429,0.288004675592847,-0.7109296815803291,0.17822200232098412,0.8454984129320784,0.5033580749506628,0.7460593965656811,-0.44965068727401825,0.49113097665496097
-0.14880609013395088,-0.1487773891453093,0.9776103702488799,0.9817246142225957,0.09637546568488597,0.16409921219651696,-0.11863190704250942,0.9841631257536156,0.1317171687303169
0.09579963573256867,0.9950001626066337,0.02823306937404846,0.7802838361203855,-0.09267702080811058,0.6185209009430387,0.6180449537717806,-0.03722426932668796,-0.7852609686533081
0.48349916244917435,0.12317811724375421,0.8666347046727538,0.7367736158443745,0.4773129325432419,-0.4788914317698504,-0.4726448972606743,0.8700571911427747,0.14002601627623357
0.00432899372603518,0.8223119691988462,0.5690204610781894,0.6902178521946594,-0.41420155197147174,0.5933265465628645,0.7235886789641687,0.390179573602642,-0.5693674771341872
0.6602678422969421,0.711244833535015,0.241199426198092,0.4794170386273589,-0.646362972883344,0.593611160911905,0.5781052495024701,-0.27630724575217913,-0.7677555772786876
0.6393996961290507,-0.25944942435777124,0.7237776072734633,0.5107558671695959,-0.5603061031126807,-0.652062508480986,0.5747142531222909,0.7866022292207816,-0.22574423634499483
0.09887198458784024,0.9533513468353447,-0.2852113955488037,0.5954775585815122,0.17295008621510316,0.7845347314835653,0.7972645783486578,-0.24740549138089601,-0.550599414225182
-0.9274568693018581,0.1593018951542088,0.3382996627031628,0.28988452599738035,-0.26517242888983805,0.9195925970471595,0.2362005867310037,0.9509503084583035,0.1997568363560761
0.05751307017307366,0.7653219205959516,-0.641073010361996,-0.610385818647045,0.5350930668081545,0.5840415757875647,0.7900135436521609,0.3577118501100697,0.4979164921319509
0.9294515120126301,-0.2660828491526054,0.2555773937660901,0.2979023900879334,0.9499161223216324,-0.0944114745850908,-0.21765581268905346,0.1638880042598176,0.9621676929009839
0.9213412566634097,0.3680548721892554,-0.12516349239151164,-0.3609961823181197,0.9294752366418225,0.07587846085267783,0.14426380392056687,-0.02472641355675287,0.9892302863090013
0.465478989089528,-0.6849764188177137,0.5604789169806932,0.8747360707589951,0.45248534840896204,-0.17347569278816577,-0.1347817392279269,0.5710204156935897,0.8097960037144014
-0.5350482442596038,0.4019282871686031,0.7430861513232687,0.8408463062371689,0.16812775319416273,0.5145002894976749,0.08185881505387202,0.9001037221229533,-0.4279163747958008
0.9663869748615209,-0.2257359645730168,0.12304263129617704,0.2570423146514612,0.8577530587569077,-0.4451841626470867,-0.005046116984023241,0.4618473389459533,0.886945078464233
0.9651714673414771,-0.1769374714843986,0.19271006671839203,0.22348615814313816,0.9405613484772298,-0.2557308875930221,-0.1360072635866173,0.2898921884690967,0.9473460525680559
0.05938091346595185,0.9979616195742134,-0.02337761691793459,-0.9966937338801436,0.060573991824049336,0.05415156838501353,0.055457262464044615,0.020084754698839788,0.9982590318492899
0.5904761319265789,-0.5035419105900683,0.6307007863514432,0.7730896440983674,0.5772363123622888,-0.26292706570120467,-0.2316685991084777,0.6428404031870505,0.7301273013779347
0.40224849214230496,0.7859083168257827,-0.4696214093430022,0.04125722036326379,0.4968685329275718,0.8668445666636548,0.914600455027844,-0.3680621938347756,0.1674402255504719
0.5419954514399905,0.8352526335930759,-0.0927036606299419,-0.5083011675645552,0.41366866390623835,0.755319905440428,0.6692315396563961,-0.36225857419508795,0.6487664231071695
-0.5479590133306154,-0.41853765955912425,0.7242700789349987,0.8362801439103967,-0.25401027606633986,0.4859159398022547,-0.019402077490439262,0.8719547047774172,0.4892019544171734
0.9804784473591533,-0.17922913692440534,0.08086365525696462,0.18133126733725874,0.9832309421990238,-0.019387774196209517,-0.07603279391189055,0.03367240383091791,0.9965365941450417
0.8248877060265113,-0.28545940980972195,0.4879274513669071,0.45288262987970573,0.8502769590304531,-0.26819100748378355,-0.33831582286313744,0.44220133230578407,0.8306626184603638
0.9907767402826049,0.1342271800059662,0.018561116955128285,-0.056446727159912044,0.28430767002354196,0.9570699638786706,0.12318773440529884,-0.9492903733386489,0.2892621115505084
0.9113594768900211,0.27115948822121305,-0.30967149663854626,0.18134112651304954,0.41088480335321087,0.8934702424862127,0.36951224569386804,-0.870428750858451,0.3252913923873045
0.9317390301600507,-0.23194264500003609,0.27940112581518917,0.26939504321524715,0.9574459299538729,-0.1035548256037323,-0.2434926905832357,0.17175535113978607,0.9545739410791527
-0.4833713228003135,0.7117000638061419,-0.5097403098368903,0.18045616696841982,0.6507849348629292,0.7375056205606294,0.8566141115445982,0.2645032849205975,-0.443001440368846
-0.8947661892105536,0.4465209702845081,0.0035340828802403884,0.11396199215630355,0.22069737716779564,0.9686616189645495,0.4317477631550505,0.8671284165609133,-0.24835897045038102
0.03171326567969085,0.9776866806000746,-0.20766083732167068,-0.05859963699154436,0.20922669888781514,0.9761097638160203,0.9977777063677005,-0.01878677858802763,0.06392734646374626
0.870468964743944,0.3745358529168744,0.3193848404314711,0.47101820481083223,-0.44541277264616486,-0.7614127085230692,-0.14291827089070072,0.8132222063147838,-0.5641312001672372
0.21253229833256929,-0.7861532089999265,0.5803388270179703,0.8888759262411988,0.4022260671976733,0.21934853228490908,-0.4058689565787543,0.46923056469694174,0.7842786923280921
0.7934433902065221,0.13229468389488835,-0.5940923355428286,-0.02669450700433948,0.9827163483279859,0.18318291957686667,0.6080583769946569,-0.1294862747246252,0.7832613323945997
-0.5715535913378404,0.2518836484921375,0.7809488586656018,0.8161403311056645,0.07580194491505038,0.5728603888294529,0.08509672244894587,0.9647842726586007,-0.2488972781270662
0.6526236897447192,0.6646188405957882,-0.3638187959810469,-0.42438825473184816,0.7184282692291346,0.5511401194052975,0.6276758150746644,-0.20528667442759146,0.7509197377035816
0.9997467226839621,-0.020557635540527905,0.009158280606085187,0.02057221775716917,0.9997872429682505,-0.0015008845711821928,-0.009125477479484764,0.0016889105740759414,0.9999569356936547
0.6856494050801543,-0.15129717823611466,0.7120351516400159,0.5961788964332121,0.6779731345489479,-0.43002692041028356,-0.4176788440427748,0.7193480330741611,0.555052061118079
-0.8863279498318029,0.37543689584605733,0.27105332055599296,-0.24246871684710122,-0.87497691940361,0.419075544337163,0.3945018209051431,0.3057164172046469,0.8665482015180003
-0.37042677085284215,0.17386961722860905,0.9124436221708787,0.7775103958724923,0.5954851711432565,0.20217565446583163,-0.5081944428520809,0.7843256767142484,-0.355769083958963
-0.6311384427482636,0.6496036777335671,0.42388598462360205,0.6779339114389834,0.1964122792189042,0.7083980719151313,0.3769215804465662,0.7344639395144317,-0.5643517021739222
0.41430908296470326,-0.3762300732587464,0.8287333200425002,0.8326753441120669,0.5242838920903848,-0.17826433126794844,-0.36742312812450684,0.7639223340564643,0.5304930842611677
0.9824917109826597,0.18184999394114004,-0.04050453744919369,-0.1779785188541736,0.980398674317074,0.08451086453113013,0.05507889502196228,-0.07582228630773297,0.9955989635501977
0.18743201777249924,-0.1814607839366394,0.9653710284687593,0.9557700298857927,-0.19308294175203694,-0.2218617307615049,0.22665588164846007,0.9642566885935921,0.13724485351618676
-0.013192099191902739,-0.5321694254854492,0.8465350973807279,0.768549012434697,0.5361880860135663,0.3490483518121248,-0.6396548944583815,0.655208393563144,0.40192483998857453
0.6117674004765331,0.7893665367809333,-0.051391811844502366,-0.19616769081796986,0.21432854274798963,0.9568602368385202,0.7663281834784172,-0.5752944866535736,0.2859674261741548
0.705500096966441,0.567665780453848,-0.4242937365576661,-0.5102533528836797,0.8223413468518512,0.2517860701644296,0.4918446188089338,0.0388622047702894,0.8698152677374011
0.025528313446647355,0.9675676600246773,-0.251318778619785,0.35946178917890736,0.22570105762959713,0.9054536181965259,0.9328105527559541,-0.11345420159364761,-0.34204183487971096
0.2590021133044262,0.6089636645944461,0.7497207216741076,0.8765781643029128,0.17777154100455556,-0.4472225408856333,-0.4056212854020083,0.7730203971516981,-0.48776104643180984
0.8409495059510557,0.5349175176900423,-0.08165278751517835,-0.2859915039565055,0.567472418172418,0.7721294673034077,0.4593612827670304,-0.6259698905553456,0.6301975150798017
-0.19140154587554628,0.6525434473605733,-0.7331797170839017,-0.6016811146558372,0.5121693181217392,0.6129130654841864,0.7754645604429392,0.5584528976390863,0.2945930695307468
0.49017285599910343,0.7984990037398602,-0.3494709033211967,-0.7967459634853028,0.5730566475213897,0.19183833923755214,0.35344934702381137,0.18440558494253015,0.9170976716416004
0.5529819646388805,-0.06110974740721917,0.830949183497974,0.13166681667414248,0.9911846101275104,-0.014728137467902427,-0.8227240097207699,0.11755282820162827,0.5561533389370029
0.9170094897722922,-0.15223537144622568,0.3686705675100605,0.2627249672847488,0.9259984063268889,-0.2711135242758834,-0.300115289901711,0.34547263735452605,0.8891453590985674
0.36900160240384794,0.8738556372120309,0.3165661743398186,-0.5232923701336172,-0.08615263764201557,0.8477870123959586,0.7681164708449717,-0.4784914297456949,0.4254915262100841
0.2085740474780184,0.9488380475395952,-0.23707219630291126,0.06453510686671171,0.22852259643442038,0.9713972631732974,0.9758750364162101,-0.21790773841265898,-0.013569481918657172
0.5694142600965908,0.3791526258513007,-0.7293906269679614,-0.31566867044203517,0.9201062617560981,0.23185719220799805,0.7590261463875998,0.09822297789866857,0.6436082315451751
0.726871843712136,-0.685779544073301,0.03692884711354721,0.6867730277617894,0.7257917959799262,-0.03961157945774529,0.0003621566305463536,0.054154277936724116,0.9985325147553918
0.529995990269639,-0.2756716944739854,0.8019409998023213,0.5481388406989984,0.832933195059562,-0.07593486606973354,-0.6470301860155081,0.47982018447926067,0.5925576165665456
-0.2906515393942155,0.6014738160841335,0.7441444290008243,0.7790436447788731,-0.30278048098619426,0.5490127319684107,0.5555291911118821,0.7392923839043378,-0.3805707410240827
-0.6647037173107756,0.26958145797008154,-0.696774573095174,0.022224148885232484,0.9393521534360748,0.34223328160968775,0.7467764427186785,0.21199851262151348,-0.6303820867114661
-0.9541188682776351,0.1914754724307147,-0.23020497095857678,0.030958060260489403,0.8277771441810733,0.5602022831766531,0.2978234102643922,0.5273728690678556,-0.7957255012060543
0.9992556344555419,-0.031297128761936244,0.022553641393624202,0.03177174115562664,0.9992744750139858,-0.02100190585311068,-0.021879978811537082,0.02170284121450078,0.9995250137992672
-0.13507923345039974,0.416077388983505,0.8992403499994436,0.9837658000660386,0.1645347148197096,0.07164620185065027,-0.11814588994493055,0.8943198163944854,-0.43154792861657265
0.954491167678795,0.05349201535196685,-0.29340282056714445,-0.03636072109516847,0.9973167524247157,0.06353891165623561,0.2960143725980385,-0.04997899185262247,0.9538750398185217
0.6943283863965953,0.5434415412768636,-0.4717831949725718,-0.422888177515658,0.8385398875188294,0.3435352185109921,0.5823003358760717,-0.03901471843467397,0.812037050007004
0.9249479055644187,-0.3266753638100039,0.19430537478823628,0.3730853803001096,0.8780131934171502,-0.2998335057856955,-0.07265446303096457,0.34982286784174055,0.9339942666508518
0.9582759164968595,0.2819082233194521,-0.04727601386510222,-0.2719152083131627,0.9500240694536658,0.15335053618003622,0.08814412827927182,-0.13409705844486375,0.9870403191188907
-0.27388682888192734,-0.18794103806383633,0.9432201074916128,0.9049050268708534,0.2818454137046907,0.3189201390904818,-0.3257804434106847,0.9408726422769023,0.09287504350479925
0.12993187345413948,0.3284901439868081,0.9355276230898925,0.49282536675253774,-0.8401198501441254,0.22654314220262659,0.8603725159173348,0.4316165690718312,-0.2710466217401299
0.43344686381518366,0.8386213884321165,-0.3299060216379372,-0.16179119606386677,0.43255049753300495,0.8869744505678692,0.886536759037664,-0.33108040405336486,0.3231692140765511
-0.07455096133687145,0.409172144076,0.9094065706140444,0.9652767155064133,0.258566315647915,-0.037206490205521525,-0.250365765760615,0.8750552079294835,-0.4142407107112832
0.9735438836798336,-0.21627372223325028,0.07374268520309263,0.22806636873411698,0.9395787162505007,-0.2552989765382828,-0.014072597557713118,0.26536298355353893,0.9640458749237732
-0.30570514952162664,0.9475777531033807,-0.09295570654622692,-0.3965263586006556,-0.03794683398295984,0.9172387283175379,0.8656276384744563,0.3172639904152661,0.38734009848570755
0.47824344082635256,0.5489672579431885,0.68550577022583,0.7600489290205161,0.1323588826605456,-0.636244254728967,-0.4400100417051158,0.8252975680851053,-0.353942208999539
-0.788155176414742,0.46287852047361056,0.405653661606559,0.5864303684560215,0.7648547538865507,0.26663951021872057,-0.1868444295214133,0.4480409364570447,-0.8742702547928258
0.5076288940658471,0.03250747996598041,0.8609623508933171,0.7667909430273423,0.4386161074492303,-0.4686657230663719,-0.3928670966124868,0.8980863956392767,0.19772776832536285
0.9974879560466723,0.04939566391792066,-0.050772491842922485,-0.04703253643084965,0.9977997105495608,0.04672984211501097,0.05296902924079866,-0.044224495625398874,0.9976163971827884
0.858429985569775,0.5122852820993784,-0.025724494534129144,0.24083610309340264,-0.35827093378308295,0.9020199052421086,0.4528751829383676,-0.7805163212582801,-0.4309273035304004
0.26250620899800947,0.10306616447323322,0.9594101604518632,0.753047959404268,-0.6435644662323734,-0.13690708031401674,0.6033318001519243,0.7584208221982154,-0.24655343311668076
-0.44283042261121,0.04021271996767681,0.8957031617465567,0.8909141724603102,-0.09264519175824953,0.4446220931908782,0.10086205490340716,0.9948868305475143,0.005200027286821118
0.8691921187271121,0.3398278797519438,-0.3591964266052381,-0.12443126394573761,0.8533641731066929,0.5062474183744512,0.4785623483889429,-0.39533100080973793,0.7840226262699509
0.5445244580973888,-0.11022110704887528,0.8314712394873712,0.7078850870472442,0.5921138402766919,-0.3850972652316603,-0.4498797817971606,0.798280970406854,0.40044434596636613
0.9997221444440143,0.023074352338423906,-0.004817486110307578,-0.022897363369922055,0.9991585138745523,0.03402903029330821,0.0055986300973088765,-0.033909267408179206,0.9994092339601799
0.880525886355281,-0.24174402187996039,0.40771802921081146,0.3121779443660857,-0.351501086907519,-0.8826051874729705,0.3566778581712243,0.9044372912414288,-0.2340386542908119
0.8941598559802718,0.39954307113501825,-0.20209771463660156,0.15231841421059142,0.15301052177621566,0.976415321939461,0.42104305319730695,-0.9038545870513511,0.07595809911077166
0.9031195792989732,-0.1646797559826822,0.39655466641603104,0.19094675916794468,0.9812182292501381,-0.027388350634587277,-0.3845963606823451,0.10045578408786776,0.9176024601063295
0.09966772214517908,0.07239689374477143,0.9923835120247112,0.9547845133192965,0.27379144853254445,-0.1158653349198352,-0.28009440959795306,0.9590604425616559,-0.041835262941862794
-0.09138585600000454,0.6820571611058134,-0.7255664368666905,-0.09639932582672084,0.7191340801679208,0.6881521232410697,0.991138635763585,0.1328314861970507,0.00003116701096614327
0.6536521544738793,0.3337694909327194,-0.6792177764709706,-0.26851087465838425,0.9413852831599103,0.2041951489142832,0.7075597297344199,0.04890476022280743,0.7049592564721063
0.16716851168569907,0.10256692689052144,0.9805787649184654,0.983995733972564,0.044886055954587,-0.1724460422991404,-0.06170157392306558,0.9937128697410919,-0.0934218833375797
0.677241024493936,0.6522636636983824,0.340436055319009,-0.4649012654061504,0.020733238368214515,0.885119735544591,0.5702730996339944,-0.7577085494077064,0.3172796022253962
0.86531183959209,0.12069050979801871,0.4864866093804098,0.14820760267886457,0.8655712071524129,-0.47835237206153647,-0.478821393392084,0.4860249851534478,0.731101762435746
-0.7654069111949232,0.6434171572042173,0.012908218710969296,0.5632788910445706,0.660104501539253,0.49696975556990663,0.3112380940673002,0.38765501268893376,-0.8676718503780659
0.9975853244252819,0.051549269585017266,-0.04654238172414649,-0.0497183582518953,0.9979749345660411,0.03967511601296719,0.04849335360687218,-0.037265302670949185,0.9981280939202151
0.5097504920875658,-0.3033888290854323,0.805052578533014,0.4468534693438808,0.8930006194352738,0.05358983694278663,-0.7351710091888974,0.3324230919692365,0.5907778560286349
0.08110025147834127,0.8841740321109688,0.4600641587330849,0.9773026077428706,0.020092077350071624,-0.2108931514458059,-0.19570989272168812,0.46672538967618854,-0.8624761147547654
-0.2974436097614267,-0.2930800347859915,0.9086426097327455,0.43344738450031833,0.8065313209293387,0.4020330747958553,-0.8506765918267208,0.5134309316449668,-0.11286281295562392
0.4488599198019518,-0.5493494244557615,0.7047978307610696,0.82954167238837,0.5494047256248755,-0.10007527782705533,-0.3322429625537495,0.6295789524048429,0.7023140013714153
0.997886401782728,0.01324425508063537,-0.06361854167205726,-0.011818611889865882,0.9996716993139186,0.022733543582558885,0.0638987445112729,-0.021933611152349347,0.9977153237029598
-0.5164059639432914,0.29969754093165235,0.8021884219828412,0.8449408992763843,0.33068426882789503,0.42038409946116695,-0.13928301093031978,0.8948906627679617,-0.4239940383506631
-0.31830951277090047,0.5886153592075317,0.7431090182365842,0.8153415393009777,-0.22992115423253523,0.5313703389602121,0.4836292261328546,0.7750278844927884,-0.4067364624529855
0.8533446942421672,0.5198775023574091,-0.03911796711696036,-0.247925787259956,0.47066804707370946,0.84676111948728,0.4586236330808441,-0.7128807558115471,0.5305331197703727
-0.7758768594618118,-0.41022498817960507,0.4793021573336785,0.41316863535246134,0.2437356208291453,0.877430695781733,-0.4767670056879568,0.8788107909055705,-0.019616729474245143
0.662769581531804,0.5002624673130635,-0.5572018894386513,-0.39658906157395446,0.8656758901888533,0.3054871018318557,0.6351799729494368,0.01851261579524649,0.7721422699349973
-0.9854987542240019,0.02905007839824956,0.16717744575150073,0.13940866718029757,-0.42305217985082205,0.8953167465419607,0.0967338045253747,0.9056395232478118,0.41286756350375015
0.3103039073808762,0.9205723036369629,0.2371879399141041,-0.8997543997625718,0.20387204493991465,0.3858473913348539,0.306844431548065,-0.3331408456922589,0.8915512726475081
-0.24296080098602485,0.18708646862867903,0.9518238820497623,0.9674504111120674,0.11832986310472376,0.22369118341300234,-0.07077959609464607,0.9751905950908611,-0.2097463993088109
0.8601492837351513,-0.1283159314320821,0.49363775324687575,0.16012757799866917,0.9868398831393526,-0.02249897352744079,-0.48425444598288025,0.09839749380053123,0.8693765379624571
0.7588658967046744,-0.5205238863379069,0.39137888876418947,0.6506938387522676,0.6307882754658143,-0.4227335801006371,-0.026834288297769404,0.5754659288668145,0.8173853960556221
0.2469136004452633,0.8192597885420598,0.5175394408092743,-0.36899556957960866,-0.4143513507133518,0.8319586695218946,0.8960334500149962,-0.39639167125463254,0.19999424845275537
0.23533859656933193,0.3356008339491438,0.9121336663107096,0.8043631709659304,-0.5940355387737943,0.011030315832359167,0.5455415970926608,0.731090869130758,-0.4097444409814757
0.5543270602384704,0.033800581265186425,0.8316123081060741,0.7617525222291919,0.3819750473664749,-0.5232859238187522,-0.33534251917232494,0.923554321031262,0.18599142705953997
0.7925217374348544,-0.38423482074916715,0.4735745962539527,0.47783455099146466,0.8737515661491777,-0.09073225738756563,-0.3789240525118772,0.2981975908281519,0.876067782338936
0.6235261259204563,-0.6127199748212602,0.4855815098926872,0.7792877451101745,0.536879829036544,-0.3232192127562827,-0.06265605011271602,0.5799433434644508,0.8122437674464155
0.6784693296506162,-0.01425359456648101,0.7344904381715114,0.48956465482679684,0.7542168599705403,-0.43758813612859615,-0.547727868076624,0.6564706872192495,0.5186910634993854
0.8465008137709631,-0.4908566572375422,0.20614585693310206,0.5301560452091395,0.7417810129992684,-0.4107255732018451,0.04869229932239255,0.45696900419980974,0.8881488553093633
0.38907015521448807,0.19910000011540321,0.8994351584608089,0.9055501215627161,0.09659148368723464,-0.4130969167360713,-0.16912537260601707,0.9752072985950961,-0.1427141657570502
-0.6724906918443724,0.618506726612347,-0.4064550387410109,0.3959021841887855,0.764635026949489,0.508522109761713,0.6253141050202099,0.1810599477997107,-0.7590781022829864
0.5873382290325768,-0.27612864771695733,0.760780372135665,0.7048066572325737,0.6365771570060371,-0.31307682619248034,-0.39784592575207006,0.7200850596201227,0.568503409202058
0.5327936199316341,0.8080600194534688,-0.25133635535076354,-0.3730013742307242,0.4908383509584147,0.7873675685792599,0.7596057749794539,-0.32575561114013685,0.5629230395254571
-0.3772928742238965,0.9255882244393738,0.03060270966824736,0.9195087168074155,0.37047168735073877,0.1313561897539547,0.11024430495518411,0.07769921267724902,-0.9908627682854393
0.9629509365318938,-0.23211370732086928,0.13729064318485146,0.2411507187002445,0.9690338567174435,-0.053100992511180334,-0.12071381322244723,0.08424138774425999,0.9891064471977811
0.8991753694746095,-0.2708444333923182,0.3436960107865584,0.4278195614711019,0.37908325059958303,-0.8205280689516524,0.09194605893062524,0.8848385061779624,0.45673486864030666
-0.36768244057281474,0.9049868117647072,-0.21402918825797923,-0.8041850124050839,-0.1938432476539087,0.5618818925379436,0.46700758957157673,0.3787131709763161,0.7990495888313875
-0.07147283994779582,0.6866921578197527,-0.7234262322715767,0.20081827372662697,0.720336128418852,0.6639185816287998,0.9770177347864545,-0.09782506061021287,-0.18938480253007073
0.9655721197678195,-0.1723165548487784,0.1948781323087007,0.20028605797416246,0.9704994320524354,-0.13422498786392717,-0.16599992924170248,0.16863527896305858,0.9715997973346854
0.9929665902508995,-0.10360877066070928,0.05729374562444467,0.11075609503986453,0.983899310766405,-0.1402684343853378,-0.0418382367819497,0.14562750054701173,0.9884544466121884
0.8263401450017338,0.4132307127107836,-0.382625590925452,-0.3576409738442139,0.9098778041584811,0.21027438105366725,0.4350343648337174,-0.0369155735737407,0.8996567911384016
0.6095796399342867,0.23757179587934948,-0.7562885060479538,-0.22729744028808663,0.9663593109260885,0.12035595467171226,0.7594396198619537,0.09853590203127127,0.6430724218894905
-0.3505005951312547,0.6370360027866189,-0.6865380280554624,-0.5431810023169348,0.45889208109616797,0.7031162468818353,0.7629572278539645,0.6193570771863954,0.18518390698038253
-0.06271750111147195,0.012057512225371159,0.9979584818284112,0.9980307086514583,0.0018641804338431212,0.0626995169038686,-0.0011043744840191771,0.9999255678450498,-0.01215068420929255
0.6405888560839963,-0.4441571419426375,0.6263947243730152,0.5440501622132595,-0.3131520725384581,-0.7784248200440388,0.5418997494525384,0.8394404164240701,0.0410420371943262
0.22385684795611765,0.882465091908935,0.41369490350414817,-0.3617642157305715,-0.3189075886559543,0.8760277404936953,0.904994344645311,-0.34576482102695116,0.24785464429823453
-0.5860044267495687,0.6878887745245674,-0.42826142216290985,0.34645415537253016,0.6904714379057907,0.6349950485329914,0.732508245724931,0.22373696011030064,-0.6429412435250872
0.9053171783613329,0.3965207369664471,-0.15222388682286164,0.1818322100039702,-0.03793240930072281,0.9825976693081019,0.38384613319525024,-0.9172417551988284,-0.10644110367158958
0.5767456013054466,-0.4734369258985774,0.6657491934433896,0.7973443823420698,0.5035857318012353,-0.33263094665673837,-0.17778202193237164,0.722674814783191,0.6679331289550763
-0.7539165634824977,0.6538531904241718,-0.06392042458301403,-0.4052151927332282,-0.3862209803316954,0.8286338165497455,0.5171174555987391,0.6506222865255664,0.5561296408134796
0.2758569875901727,0.6040148909242303,0.7477091238840579,-0.4163597484514854,-0.6260363514106269,0.6593353066398666,0.8663414351553844,-0.49319823423676334,0.07879098602408546
-0.8499379297845784,0.1532656794637103,0.5040983505349252,0.29767417679160874,-0.6497453922295681,0.6994433570689502,0.43473624185814463,0.744540500426251,0.5066200185939015
0.8335745574274562,0.09040564122982658,0.5449589684035345,0.13643078168629813,0.9222641178605501,-0.3616843080856115,-0.535294404060127,0.37584001508717213,0.7564417915749951
-0.09027144301963108,0.922047795266592,-0.37640261664761393,0.8457733833909382,0.2705335540751458,0.45986843778075864,0.525850216813304,-0.2768383271216023,-0.8042649377623733
0.20199757465032206,-0.07542298341157155,0.9764775232480707,0.9146194579705276,0.3710772617844776,-0.16053944340327764,-0.3502402417442738,0.9255339212367277,0.14394003509475872
-0.8942601739656552,0.4030267291160811,-0.19459752536173,-0.3314824819563593,-0.30432116661518677,0.8930330294597302,0.30069603491726987,0.8631095429712061,0.4057385998608799
-0.28935804394620057,0.9554164282001983,-0.05874837128639321,-0.9020680805562149,-0.2516399586596557,0.3506429940087108,0.3202266391873959,0.15445640139192057,0.9346647097348886
0.9718352622259923,0.010319322430148214,0.23543520271768772,0.10205745714180547,0.8820670030496902,-0.45993703653074725,-0.2124158622511148,0.47101094861533754,0.8561706534030435
0.9971328603096827,0.03627151542342191,-0.06641111397589403,-0.03614950417294373,0.9993417741723857,0.0030383781921288766,0.06647760704689246,-0.0006289378956184644,0.9977877190056221
0.4206590685468824,0.841320410726891,-0.3394494285510073,-0.3744838303558042,0.5018282431628466,0.7796988361964747,0.8263218554844809,-0.20086906396562704,0.5261594913049259
0.6672284939680296,0.7081758701202634,-0.23085292680961217,-0.2586533300808453,0.5109330027750592,0.8197840700534205,0.6985016762150575,-0.4872724121625093,0.5240811050496719
0.6140804863912506,-0.4487000715115892,0.649286841125692,0.6392203833102551,0.7652892589428932,-0.07569446285778264,-0.4629281345891345,0.46151987603150096,0.7567674320646285
0.8516148941177533,-0.38952446241701294,0.3507460125155315,0.4363458730360686,0.8975976150910994,-0.06261629554007953,-0.29043820547785937,0.2063715449414199,0.9343748895584109
0.11955178698828683,0.8882834703787528,-0.4434634669054336,-0.6328865146194176,0.41233458360407704,0.6553127885040376,0.7649588419260167,0.20231823302888835,0.6114779658689882
0.8045637533348114,-0.5322728527284593,0.26336813981214446,0.578559756600561,0.802569728329877,-0.14543190575251064,-0.1339618410671528,0.2693834468129312,0.9536701650576492
0.9984421919904789,0.010380370352597146,-0.054821867576638386,-0.009341457376513984,0.9997725392218416,0.019173079877618543,0.05500842142190908,-0.01863109576095001,0.9983120533397438
-0.7044304603977412,-0.5998657954886798,0.3793926117711839,0.6204952928176367,-0.779997363034601,-0.08117699951479028,0.3446205421256574,0.17822777859189776,0.9216678039745209
-0.4699587769714893,0.8743006810420773,-0.12139632233647829,-0.6212150214573188,-0.22989842860157586,0.7491586011268304,0.6270810514305509,0.42748687892833187,0.6511715006669659
0.9995094439646177,-0.02879680336238799,0.012313226289219104,0.02899368334946492,0.9994495808305152,-0.016121467164570025,-0.011842202133580393,0.016470564465592974,0.9997942202047443
0.5550084361388348,0.6515465553053613,-0.517158314333669,-0.14463823947954757,0.6878168668070965,0.7113281503047135,0.8191736174309945,-0.3199922561647169,0.47598271029485123
0.7042309888145446,-0.495470621935553,0.5084954052811931,0.5809008261461807,0.8138936484085048,-0.011461206872714624,-0.4081824893059154,0.3034567380683615,0.8609884224221229
0.5620736927744154,0.45296390669630515,0.6920237446225048,0.22223106733849524,-0.8886416047729421,0.4011601313392996,0.796672151264575,-0.07169238102470818,-0.6001447207986446
-0.9164025531391157,0.08394528024528071,0.39135604061346985,0.3675689177683833,-0.21051323691327317,0.9058572005425995,0.15842806345685775,0.9739801676671025,0.16205919196538177
0.9743488278560555,0.17125023828980548,-0.14600588187198377,-0.14281751608648968,0.971939200553196,0.18691534855891373,0.17391813808345646,-0.1612685533937095,0.9714653544681273
0.9899210743665376,0.08944808666831947,-0.10979665894906274,-0.08706990367819419,0.9958556069041156,0.026276264405465433,0.11169198000962278,-0.01645144337171517,0.9936066885908716
0.7910157208172031,-0.49389326426387736,0.36105896046880304,0.5749854249732913,0.8017740531961262,-0.16294210226255396,-0.20901169940538078,0.3364934042982537,0.9181973090656754
0.9999703645838698,0.007136278245171934,-0.002888509444364251,-0.0071109142614624865,0.9999368876267148,0.008698026314364227,0.00295039867964092,-0.008677228601732645,0.9999579995436929
0.2819197459816655,-0.09831549503179143,0.9543874057542289,0.6842794354369655,0.7178657427279733,-0.12818123753374921,-0.6725198220600648,0.6892044971227839,0.2696557992738699
-0.46010054342116813,0.7579922681796072,0.4623366861103284,-0.24346043072726486,-0.608476772812554,0.7553032739355194,0.8538351764911312,0.23495475804408328,0.46450161792915834
-0.7881426574489956,0.5660985700922716,-0.24158551373938209,-0.039987967665524426,0.3445826979024708,0.9379039005933583,0.6141922451083347,0.7488625863572973,-0.24894319191944847
0.1754179826620339,-0.011222539712828827,0.9844300818042773,0.9139576962492746,-0.3698200098073665,-0.16707629937486007,0.36593696291233135,0.9290356370712984,-0.05461615352645882
0.5036093603197564,0.33976060074434855,-0.794317534982179,-0.053047932496479155,0.9298482198579519,0.36409916902520845,0.8623012983036584,-0.1412268466292358,0.48630386461037667
0.890452890316777,-0.00768179542078859,0.45501059344328576,0.4095950780076286,-0.42217555523906264,-0.8087024623620941,0.198306636798728,0.9064815445323212,-0.3727810177890968
-0.27496213851784224,0.7441555539294622,-0.6087925212563224,0.5403938087045693,0.6433334274070795,0.5423067699138825,0.7952171740445902,-0.17987388008433708,-0.5790293890364643
0.7712963717877496,0.6231680471262191,-0.1294739043512208,0.514554344011576,-0.49078115187605054,0.7031128558219042,0.3746141133564929,-0.6089297545728175,-0.6991915474818169
0.9507141225337019,-0.16141252572132075,0.2647426179428568,0.23471806212861673,0.9325537770526457,-0.2743189461474202,-0.2026082143585506,0.32293877042731856,0.9244784811066894
0.1673252440248647,0.8968890042610006,-0.4093804791972011,0.6866479785090291,0.19195277009657796,0.701190906716362,0.7074721311270734,-0.39842721805614745,-0.5837284776251335
0.8902265789635039,0.44326571655321334,-0.10493875659403579,-0.4084271715611899,0.8787351763845536,0.24700553701270309,0.20170246314178303,-0.17703105465701158,0.9633151727495856
0.5313257454527838,0.7245306891368763,-0.4390310156673296,-0.530702446974521,0.6886086367077263,0.4941387034292926,0.6603392044959161,-0.02955378064427977,0.7503857068570341
0.9959936822246555,0.08942238370900346,-0.00047144498286955105,-0.08870888044522388,0.9886843966790614,0.12097065054597253,0.011283594229105354,-0.12044418232177333,0.9926559723520089
0.7834119086418915,0.5473113917771378,-0.29447584252199893,-0.36465326502077156,0.7884652899870799,0.4953286613908796,0.5032829996212467,-0.28066479457987253,0.8172719837212568
-0.7172837089341895,0.6373728064437398,0.2815315017962356,-0.5371515341574473,-0.7631686147988038,0.35922401748543414,0.4438156264147464,0.1064404574966943,0.8897741953765466
0.716960945457748,0.6966225091749978,0.026154968917262766,-0.37587868489079185,0.3547103921887703,0.8560933079507501,0.587096428990248,-0.6236165627884007,0.5161590507613711
0.7771486743705034,0.6096094935064729,-0.15625685057286764,-0.507875191185043,0.754161259455702,0.41629747166532916,0.37162175407654163,-0.2441660503898348,0.895700961110405
0.7962720613887824,-0.3277670487043107,0.5084481940525757,0.6009685962263369,0.33246881194765276,-0.7268433362368142,0.06919212817514614,0.8843264390855803,0.461713329386116
0.3271406651087596,-0.8576187373980841,0.3968237473941225,0.8817509339716135,0.12601350394992442,-0.4545722024744247,0.33984448748270923,0.4986087625443203,0.79743026418718
0.8479289510894057,0.33837146912797045,-0.4080701444416126,-0.17010987560445706,0.9027541745867498,0.3950918000769334,0.5020748192513305,-0.26559301411440395,0.8230317288703812
0.6993515392373886,0.6817330118213727,0.2148197503938033,0.45163446989843675,-0.6544038999079917,0.60645019695336,0.554016001723645,-0.3271018746173298,-0.7655525020898143
0.7041575010257956,0.6201558153386242,-0.3457874758443306,-0.15668581597975995,0.6107050392830391,0.7762015911250496,0.6925400846303871,-0.49238817989061057,0.5272021542863307
0.6458347198984943,0.5141321208990932,-0.5644162265858719,-0.4753466267777669,0.8492831549071892,0.22970352022093699,0.5974471516248381,0.11994284076464279,0.7928875178514767
0.4942645495651792,0.8440501313421894,0.2080430984780871,-0.8341425869590186,0.39310417931869845,0.38687885548772033,0.24476253729777872,-0.36475811160741156,0.8983556202040195
0.5729320764416794,0.04832922307496918,-0.818176705841223,0.005378613002042107,0.9980167528905284,0.06271866924624624,0.8195852038112937,-0.04033419327091636,0.5715358663695433
0.748929878060625,0.5531962975276408,-0.36479842947826463,0.04097141370639956,0.5108043022538495,0.8587201570115014,0.6613814187040616,-0.6580674898524229,0.3598913694329647
0.36370706056251517,0.9205999829627033,-0.14217188704538092,-0.39898314346404584,0.2918728261243802,0.8692656122277675,0.8417420182743184,-0.25943385426585513,0.4734600827231792
0.7204253264138275,0.4411053473296976,-0.5351760659994781,0.23814598851985486,0.5674059076961725,0.7882493413022205,0.6513630609832216,-0.6953248222727493,0.3037261172799244
0.42409266413012614,-0.8231245328590097,0.3776392665450054,0.847434380761106,0.5077536681645711,0.1550521936944594,-0.3193749873347212,0.254268000092541,0.912878634646406
-0.011826456044149947,0.6533986494923143,0.7569216206312621,0.21636455680840708,-0.7373691277018135,0.6399008892550226,0.9762410119916793,0.17133877072597126,-0.1326518456395379
0.6822513274813182,0.6997432708441468,-0.2118784582214857,-0.39953783570720114,0.5995350726505733,0.6934891596126629,0.6122929396852331,-0.38848043910885205,0.6886075111712104
0.3182611256548901,0.9104895148494461,0.2640429874965483,0.9159824474150111,-0.22356465560956978,-0.3331591223271258,-0.24430720808950443,0.3478903392038862,-0.9051443531084511
0.18988566291126233,-0.5305748833514737,0.8260954715874678,0.9118998255964057,-0.21650329277149144,-0.3486617734945243,0.36384356954328023,0.8195221884584164,0.4427202723236564
0.9998818408301712,0.0008707582566985783,-0.015347513092601465,-0.0005674923099213691,0.9998047248524162,0.0197532305019445,0.015361716393273214,-0.019742186880970288,0.9996870829047513
0.041813980029482625,0.9360830289898956,-0.3492852042546272,-0.48833216562928905,0.32413707244915996,0.8102264216105872,0.8716554864657844,0.13668840880334648,0.47067291382966425
-0.107304370751997,0.8421705452035011,0.5284264800416002,0.08297646747802329,-0.5220551626388862,0.8488658981293538,0.9907576282130692,0.13493398368729728,-0.01386153613023039
-0.21091500064619195,0.7035285639766842,-0.6786474947801108,-0.2612992822571055,0.628423051285968,0.7326712453101691,0.941932878497368,0.3318614594696663,0.051287660546418035
-0.3914275687191494,-0.34588714720943115,0.8527288782737081,0.7619685713312163,0.3977274901181694,0.5110936703851516,-0.5159344481134016,0.8498087578976945,0.10787363093127578
-0.9397086341442714,-0.09188021627203709,0.32940204731074707,0.23019354872772785,-0.8822831203273209,0.4105939913218668,0.25290040142088177,0.4616649450015561,0.8502392989728639
0.730198340046581,0.14228767025260153,0.6682548937997431,0.6460362363299061,0.17453884669934386,-0.7430836913440868,-0.22236808570905287,0.9743153544345647,0.03552498516736405
-0.8993753347890762,0.24386551545958826,-0.36284103618894487,-0.18311104623610636,0.5435218226782125,0.8191790848275322,0.39698155110704625,0.8031896654229211,-0.44417565155967365
0.3040063042649067,0.2732167671967708,0.9126515025406682,0.30703370997796486,0.8787775103265586,-0.36534967945986074,-0.9018372735168806,0.39128338255898576,0.18326714552488252
-0.89815671111222,0.11763866226613312,0.42364568618636345,0.3803245928639501,-0.27558794733645386,0.8828388796070047,0.22060762984754317,0.954050537667222,0.2027802880704499
-0.5797404821084032,0.7935364867238379,0.18493463072854838,0.15800102210049038,-0.11317520884028753,0.9809317250039156,0.799335130230066,0.597905691846085,-0.059767325840611174
0.24449742051048207,0.9451610865066178,0.21654452640819805,-0.28973380649655667,-0.14190851695045856,0.9465285490622762,0.9253514644375602,-0.29416405859749706,0.23914885300312827
-0.8679805674321966,0.4965903751621202,0.0027809811985269467,-0.4709937506425992,-0.8249898839081948,0.3123404845753432,0.1573995597697117,0.2697956462685929,0.9499661508910798
0.38521648333951664,0.8668074917159756,0.3166275939784703,-0.536392176159139,-0.06887950428807148,0.841153402920236,0.7509272230508088,-0.4938627199881449,0.438415236376557
-0.39594726564577165,0.7368331097633525,0.5479988423200401,0.6374356125402836,-0.2090178444385754,0.7416113406439016,0.6609853271389845,0.6429529602254886,-0.3869236206853373
-0.7322376746375325,-0.43311985393476193,0.5255808025118021,0.6371346123463707,-0.16301592981614127,0.7533161968100905,-0.2405981579141015,0.8864722210840618,0.39532205561368755
-0.5431227519912025,0.7725637242632813,0.3288813892909586,0.026351473594605962,-0.3758108913079441,0.9263216362655688,0.8392397012230148,0.5117728655632073,0.18375325293536338
0.040219916362454144,0.9695206131964144,0.2416860337608404,0.9986287156483865,-0.04711613828601113,0.02282011821765126,0.033511887596065215,0.24043679023864536,-0.9700861318921565
-0.1615305542565233,-0.07716729179436019,0.9838460698293734,0.6273619708286845,0.7615347017489812,0.16273246630601812,-0.7617905470662716,0.6435138748381535,-0.07459929819546715
0.9764843337958587,0.07614528011000071,-0.20169343610595714,-0.06417579205088636,0.9958036031977038,0.06524301934393328,0.20581499839880363,-0.05076495026532657,0.9772733017220212
-0.6290176566931984,0.7009901333030623,0.336079783057464,-0.5364866946074655,-0.7042999256211319,0.46491250927376016,0.5626000480602124,0.11213584521384262,0.8190889683916053
0.5733305452931472,-0.7681975420267175,0.28489405444475824,0.7687113502992737,0.6246658130095102,0.13738807072754133,-0.2835047543780005,0.14023251577747003,0.9486621610266702
-0.6997524155361508,0.5702778725536249,0.4302670159645445,0.3721861378778807,-0.2230708135290808,0.9009533233875224,0.6097737578174951,0.790583683253826,-0.05615517830035943
0.5063291758893425,0.8211474579910132,-0.26333935877137193,-0.4907114340131993,0.5254750096453422,0.6950383462564762,0.7091072233251676,-0.22269455869671667,0.6690097752312336
0.5773917779438767,0.6554897340023607,-0.48677709824962345,-0.46358791690580625,0.7539754707585761,0.465410821525799,0.6720900074110195,-0.04306040074010553,0.7392163579266611
0.3189477601575397,0.762823288007783,0.5624704059446,0.9362334508722108,-0.1612588470502001,-0.3121898616482467,-0.14744236758272639,0.6261758662876068,-0.7656138274094617
-0.14785031436480325,-0.16299002766526022,0.9754868197079375,0.9455707349729519,0.26580797427331787,0.18772880965751274,-0.28989009935653254,0.9501475525908555,0.11481880769572031
-0.17853774823626573,0.6043058370138457,0.7764912928074075,0.8514358859096934,-0.30063464184829425,0.4297391584507085,0.49313406355665496,0.7378572134713755,-0.4608530437008718
0.05145633868245941,0.7852516938227634,0.6170348633244944,-0.08632194657561892,-0.6120437690319717,0.786098560187293,0.9949375692719582,-0.09371340425798227,0.03629092329478456
0.9209139872933313,-0.2634665369294913,0.287233027219849,0.27472535642321816,0.961522051170848,0.0011505000390646392,-0.27648400775747095,0.077850684201137,0.957860044277754
0.5698282527262372,0.6129826128685065,-0.5473098562202788,-0.5719101526429765,0.7740773965229658,0.27151972579559336,0.5900970595578754,0.15829245248313512,0.7916621500286743
0.10809058642561484,-0.04015282694224892,0.9933298423055217,0.939886428618945,0.3296995446688219,-0.08894780235113248,-0.3239288909993847,0.9432316580425604,0.0733765142412161
0.37467322764655914,-0.12019335986078983,0.9193331978832724,0.9043040986154116,0.2661680598689625,-0.33374939870052195,-0.2045826720723855,0.9564037432752797,0.20841739403599613
0.1157431744645997,0.5181141912531311,0.847443922856829,0.25007489876897404,-0.8408954805656197,0.47995555603618417,0.9612835495162415,0.15637287356325374,-0.22689526624199557
0.5804965471330952,-0.5566872886715476,0.5942415513897321,0.8041044631756593,0.50683354888048,-0.3107020534695632,-0.12821767065244688,0.6581937529031552,0.7418498585102793
0.795163887408289,0.5322566642862228,-0.29054644290481657,-0.4104140789434523,0.8250984249275298,0.3882948274019465,0.4464019220016149,-0.18951367366238586,0.8745340996943751
-0.45648884047700594,0.867504878348181,-0.19761888715926632,-0.6380164116242899,-0.16436012738092237,0.7522770812841448,0.6201233724171535,0.4694901858073661,0.6285109135190425
0.7425488280855679,0.350582844922803,-0.570712630624716,0.20997550313577323,0.6872775928795909,0.6953846406187832,0.6360279286254878,-0.6361927217215466,0.436723361908774
0.9992814011582395,0.019740980323111,-0.03235699298619982,-0.01929264300071898,0.9997143083635374,0.014110123290113241,0.032626296530149174,-0.013475731857600537,0.9993767705053135
0.6738117990614528,0.7359023080808124,0.06652407388984821,0.2413335365655263,-0.3042738104701559,0.9215072286155697,0.6983808299018128,-0.6048679535430068,-0.38262119021605523
0.666239009871742,0.4398777058578324,-0.6021903234147586,0.21186400942920042,0.6625885143447456,0.7183941133994673,0.7150099462480959,-0.6062046391670666,0.348248061327873
-0.1819847271861304,0.8494837817431167,-0.4952361695458062,-0.16471506785720025,0.4701938339864873,0.867056344710011,0.9694072959761484,0.23936387161913208,0.0543546821507771
0.9154626949031541,0.3703510579421792,-0.15737899517332288,-0.11677825047872376,0.6187759077138877,0.7768392473658782,0.38508556770643126,-0.6927889071816641,0.6097152086263329
0.8560780067316147,-0.22123543730185968,0.46710312316690783,0.4831304338399909,0.6636111838640667,-0.5711437477099032,-0.1836176197645713,0.7146153356403614,0.6749885123315851
0.8908269055610268,0.08259148421927952,0.4467729524747691,0.01732693225014147,-0.98879912324162,0.1482432841494112,0.45401233655856177,-0.12431790141029798,-0.8822799202302946
0.7972857487365221,0.5880970431934621,-0.13593124235711967,-0.5254346953624836,0.787045005674002,0.32323140310456333,0.2970754378453012,-0.18628480032122136,0.936506357372071
0.9078143266897409,-0.1185561610671928,0.4022655651803443,0.2644913374077691,0.906241782641948,-0.3298032198602586,-0.32544965923027447,0.4057958453051906,0.8540563513258032
0.9849209132436892,0.17293541191750636,-0.004913039806466568,-0.17286376957729616,0.9848669107848017,0.012461348591909158,0.006993698788546936,-0.011424156254362022,0.9999102843911204
0.9101242185205469,0.35053267536145943,-0.220908918711541,-0.3170661151717878,0.932438163855408,0.17328632143313166,0.2667264243981741,-0.08766934521196096,0.9597765888152678
0.4206344725895954,0.23825570315570072,0.8753861207393321,0.7607572981565893,-0.6183337124604678,-0.19726062287325002,0.4942822814655207,0.7489309981224166,-0.4413472400283047
-0.14563018666316063,0.7480410168427882,0.6474770156949671,-0.2831811179392996,-0.6585892598023005,0.6971862314444446,0.9479453060040448,-0.08182190412026219,0.3077415682533529
0.5990833597225588,0.7850284509761399,0.15757366296920627,-0.32597192909194217,0.059375624275460975,0.9435130294203555,0.7313285373534995,-0.6166075464993119,0.291468187033319
0.6524492399261703,0.7386578125193785,0.1693948798631445,-0.7268452156636952,0.5466731886043816,0.41574566423224973,0.2144901437981682,-0.3943768006173851,0.8935664034352657
0.950564905084297,-0.09710597384547137,0.2949521843716437,0.16420384603466415,0.963370257354877,-0.21202557438059744,-0.2635592118851201,0.24997635305668536,0.9316911316219412
-0.5634178261222575,0.7385913552145427,0.37019341324504224,0.4359467009862214,-0.11484046679142124,0.8926153376938796,0.7017911563327792,0.6642999903578757,-0.2572832985322345
-0.5261633822242111,0.5553705279226056,0.6439842171368373,0.632807766140808,-0.2501734234836247,0.732780723882911,0.5680725537449061,0.7930805979832374,-0.21981068851239172
0.9281448489157419,0.2520058111370681,0.2739346830620843,-0.22567774806647176,-0.2042585422523865,0.9525481625327807,0.296001171380828,-0.9459236327897084,-0.13270940988151286
-0.9974725101452544,-0.02507152226306674,0.06648315783668474,0.044518324503335885,-0.9497733922979122,0.3097557458164917,0.05537788627187458,0.3119325601060714,0.9484889918484722
-0.03036593049458458,0.7697363395042434,-0.6376393007898802,0.49401147893758385,0.5661296257877569,0.6598862822360511,0.8689249501211831,-0.2949630730312254,-0.3974496403380896
0.9387945596913115,0.34232646663576893,-0.03843650523482392,-0.3420780597892298,0.9395806598645506,0.013068458950138001,0.040587876328198456,0.0008796869698683568,0.9991755853932789
0.0066347426101674755,-0.7399006800087368,0.6726834054093396,0.8298612527396617,0.3794010234162096,0.40912732080868464,-0.5579303553239028,0.5555194390418231,0.6165321333513782
0.6360887101772221,0.7515056026000643,-0.17501566228710197,-0.46361226325060406,0.5535341580478567,0.6918551909452605,0.6168101994525794,-0.35894186874055967,0.7005040418986207
0.9970334595529765,-0.055808027210913616,0.05300702435195276,0.05621121473009054,0.9983999891438355,-0.006144999280462804,-0.05257927225048155,0.009106359119601337,0.9985752321949486
0.36903618793614074,-0.07071784938267467,0.9267207118502586,0.7240338524193849,-0.6033056993193163,-0.3343609033956809,0.5827411711423053,0.7943684403018036,-0.17143951851359623
-0.708021289497749,0.5823116947070455,-0.3995233958422873,-0.1907103738802426,0.38706008313750256,0.9021164255992944,0.6799525034238806,0.7149108911248996,-0.1629938981637023
0.7191058869681195,0.3686215166466962,0.589071218778242,0.6707496349343331,-0.1466608155911617,-0.7270388795694449,-0.18160850906070686,0.9179372432989221,-0.3527174035988619
0.10922293617664919,0.9936494121130575,-0.02704063646305932,0.20854233911866607,0.0036917529709571406,0.9780063720420828,0.9718952839724386,-0.11245984513317248,-0.20681474856681772
-0.028108695978872833,-0.5542709051535036,0.8318615659535451,0.903433713492615,0.34206976026623914,0.2584488429773718,-0.4278053605733709,0.7587964435945351,0.4911318872288528
0.37474661003795895,0.8731980225293867,0.3115929904792889,0.7117855796503485,-0.48632283975459567,0.5068050750878913,0.5940759773521186,0.03186391350406553,-0.8037775961976857
0.706119374812922,0.1152634915468766,0.6986485210964317,0.6837210251057191,-0.3676191398247012,-0.6303822077620304,0.18417651408958943,0.9228057734707612,-0.33839106977997685
0.9422798502828736,-0.21085599353810414,0.2600931251301056,0.24882607464530387,0.9607602028933132,-0.12257820814896103,-0.2240407738057864,0.18022092699089975,0.9577714493275762
0.5004942982607805,0.8645458689042905,0.04545215032288641,0.4190308152306015,-0.28785397552379566,0.8611348701930048,0.7575741767613429,-0.41194724096135343,-0.5063406337325717
0.616860233663657,0.5010920448728629,-0.6069515752426641,0.11594813663069814,0.7048823010098368,0.6997835174787607,0.7784853767003511,-0.502043528280378,0.37671317202282967
-0.16276517292282672,0.846548566273617,0.5068165579610493,0.963922023196258,0.026779994581591415,0.26483422189634565,0.2106224861704824,0.5316374298620193,-0.8203656571853015
-0.829250401962686,0.557061973505939,0.0450080939208978,-0.025618815454444527,-0.1183376000436468,0.9926428807535068,0.5582897519563071,0.8219964538181284,0.11240277029943097
0.44319061721500735,0.7307954661668876,-0.5191532176944513,-0.003018685489348971,0.5803492125487194,0.814362130155865,0.8964223136170235,-0.35935049481530285,0.2594113673791105
0.4467518503488101,0.5225154713844067,0.7262164734938519,0.41554853838326994,-0.8400434687671452,0.34877841508497875,0.792295523436453,0.14596079180928334,-0.5924215144615907
0.8118378424098521,-0.3817759713549871,0.44177644270294936,0.5656401381471965,0.7018939089051024,-0.4328927982292343,-0.14481212569441992,0.6013252433898584,0.7857718497846504
-0.20439615134276024,0.9762512742962292,0.07180294388990216,-0.7996092854984771,-0.20882451475187397,0.5630429047446203,0.5646655681559507,0.05766950211015692,0.8233025110282879
0.2635999338891733,-0.7845489438923068,0.5612468525444836,0.8895432721986344,-0.027356467936351835,-0.4560311289245433,0.3731324721057786,0.6194631371595191,0.690679071610482
-0.7660432501503287,0.1964366861344282,0.6120378805594027,0.32772882040840123,-0.6997470985458577,0.6347817092122078,0.5529661464979925,0.6868526963018913,0.47165857822155943
0.5982522684620433,-0.15744194925227611,0.7856883961823937,0.4644599518779872,-0.7308651380714324,-0.5001130902639167,0.6529710379346976,0.6641145854199186,-0.36411624661776976
-0.915255490147152,-0.17370611589641796,0.3635018198794555,0.40232817557917006,-0.44104121624189896,0.8022559969928571,0.020962511553541202,0.8805162297629994,0.47355225924212513
0.8981314972623249,-0.35898831775787976,0.25394330339409127,0.43872404042230034,0.6925702707657792,-0.572597272441066,0.029682149195566054,0.625678677729059,0.7795159794733842
-0.6019063888914102,0.3094181356444557,0.7361855176149634,0.5816282877229215,0.8015516669629154,0.13864869314016004,-0.5471903086972619,0.5116398562693107,-0.6624254097968421
0.9568670124278482,-0.1508680443628292,0.24828280995175672,0.21480393233065287,0.9427914235530701,-0.25495804033225566,-0.19561388289866644,0.2972930622549258,0.9345330619899951
-0.14413378147719969,0.9275659790577173,0.3447416533170618,0.8312965367904566,-0.07549216384613672,0.5506786732006435,0.5368160960303592,0.36595394203714543,-0.7602014149882896
-0.5657858562177436,0.8179420727637621,0.10419755518665438,-0.27412803895360394,-0.3057720716208373,0.9117879460028815,0.7776504247818598,0.4873132522511804,0.3972223697338446
0.9992538285580909,-0.009015382454040516,0.03755674361821446,0.014879511885472846,0.9871789205871777,-0.15892255621649182,-0.03564247800093287,0.15936279875661477,0.986576460358958
0.9499453620094499,-0.035483533479411855,0.31039447167846146,0.12202072411342957,0.9567555788829865,-0.26406382782031357,-0.28760172475764156,0.2887207667073799,0.9131952511858201
0.7046394768683455,-0.3936019348485975,0.590390315403416,0.5228280885685851,0.8505323552220851,-0.05696931212585221,-0.47972283398064786,0.34881546640568195,0.8051048210970808
0.7854938043723855,-0.4962294336788019,0.3698051276597071,0.5493903363995783,0.8342120836243946,-0.047544272060936976,-0.2849030388805198,0.24051309462451653,0.9278920787197096
0.9448547814114138,0.26312197706705154,-0.19497760699197036,-0.23053645394233527,0.9572616391506152,0.1746513601847147,0.2325991948560499,-0.12007072663644364,0.9651324443605209
0.466521354953938,0.8184451419150229,0.33541820917719917,0.5201614639992647,-0.5605691242104475,0.6443557312169055,0.715394909642278,-0.12613408206202245,-0.6872410905936048
-0.5419127605070321,-0.6904228140735923,0.4792148764451597,0.7496047549139493,-0.139237205228053,0.6470747345482428,-0.3800306190427899,0.7098798056621857,0.5929986425810525
0.88242868509975,0.08568019069276928,-0.46257812381907665,0.023914022000611768,0.9738346741503684,0.22599590034821526,0.46983798831605816,-0.21048736861222075,0.8572906930498098
0.8962132586798808,-0.01975639571644333,0.4431833478309898,0.18308424257859068,0.9264342542848665,-0.32893727761849556,-0.404081619336753,0.37593783703684125,0.8338997467311335
-0.5022128887972752,0.684805272621136,0.5280378328455145,0.7444388216643268,0.6530757297832859,-0.13893499187410135,-0.4399921080257285,0.32331691845358124,-0.8377786790774491
0.7468672783879988,-0.12086544773355218,0.6538966371051864,0.6134685936490869,0.5046945216658574,-0.6074040865903718,-0.25660388360178005,0.8547952873902849,0.4510869800557812
0.05121494554458483,0.9921482976830853,0.11409988938391344,0.02675767797925438,-0.11557201865775452,0.9929386361566006,0.9983291321112611,-0.04780025008227118,-0.03246659929910417
-0.05612663422678288,0.1240358028913556,0.9906891139663694,0.9983205284581012,0.021233328845461308,0.05390053993493893,-0.014350030993358909,0.9920505356821484,-0.12501924357174915
0.2674766110358694,0.8022389362582694,-0.5337311605105765,0.4993148696348263,0.3583419477868069,0.7888445407163023,0.8241000688692622,-0.47749736921532643,-0.304721740087772
-0.5848380174122787,0.6604613607963247,0.4709089978799964,-0.1279862397601308,-0.648408017173665,0.7504575708839096,0.8009893980704974,0.37862624599990813,0.4637436253132534
0.39578578276652604,0.918324457447325,-0.005814207939656896,0.6895040090898287,-0.29297341610458283,0.662382668028886,0.6065787958781144,-0.2661705624408676,-0.7491431078779079
0.3540102802369179,-0.5692188376004601,0.742069158776566,0.7949845946857721,0.601086344691188,0.08182114908802773,-0.4926217775320919,0.5609680215008407,0.6653109522280201
0.9374903107632964,-0.17602101526383673,0.3002141226032278,0.18966427363400723,0.9817073246183856,-0.016679091626828124,-0.291786532471638,0.07257638029069652,0.9537260028394308
0.5194021647678775,0.2912320272415893,0.8033712078131736,0.822375864308588,0.08511000218933684,-0.5625426431214213,-0.23220535962192262,0.9528589579975023,-0.19529587073660412
-0.47193453492669574,0.5805389573418318,0.6635151194599735,0.43971985337041986,-0.4973148622078596,0.7478799224334574,0.7641493605934775,0.6447111344126428,-0.020574446989966688
0.07991921211561123,0.9763910252322447,-0.20068254876980757,-0.37365848844298905,0.21599117973362852,0.9020682592197644,0.924117012909794,0.002894153278867939,0.38209863952581374
-0.16280475880826878,0.1771744929338866,0.9706203220430748,0.9866022860866136,0.039715972687496326,0.15823580695327627,-0.010513781339260286,0.9833777710356824,-0.18126670911903275
0.029932773472094665,0.9119657275121209,-0.40917299631764115,0.12810342836486943,0.402480561896408,0.9064209336377435,0.9913090036479215,-0.07954815609955901,-0.10477857675939847
0.4959296902992588,0.5259505717823335,0.6909629066176556,0.03406120560538105,-0.8068774811883201,0.5897360126564257,0.8676944027434952,-0.268932568487025,-0.4180690099189157
0.9168193350664418,0.3968619791629832,-0.04407807100096828,-0.34876824180343863,0.8496470160819505,0.3955510859198536,0.1944299883188415,-0.3472758522527545,0.9173856670367471
-0.7983379448321181,0.5189478690058382,-0.3055317251866488,0.1620295373192609,0.6737430991899367,0.7209831241645307,0.580002547302455,0.526083021535803,-0.6219595642599482
-0.08973571086860185,0.8193140868307341,-0.5662790207270857,-0.38661744980557156,0.49533103384958255,0.777929376236262,0.9178640692938921,0.2887413964540312,0.2723122404025073
0.5506185591393645,-0.7913678463332899,0.2656240465791836,0.8347535552370459,0.5210858487641573,-0.17792144400507173,0.0023883781949187166,0.31969746637649193,0.9475166624614313
0.34660480206938893,0.9367461294812569,0.048701130216097455,-0.488975140271071,0.1361305341487515,0.8616099987054833,0.8004801205397466,-0.32245180504109605,0.5052290669057083
0.8752568249107393,0.4697054130413794,0.11533566407143386,-0.3036439513451321,0.34802578940082435,0.8869489279115499,0.37646492699677436,-0.8113290792715123,0.4472351550021011
0.7453382228972196,-0.6237176204183195,0.23547242613122205,0.6656731315164848,0.6767731945385369,-0.3144158474554688,0.036745278138167525,0.3910938162817371,0.9196169916877002
0.0592514709589973,0.9982404781972577,0.002282734698930755,0.29782539243521416,-0.019860210450043547,0.9544137507714834,0.952779774559686,-0.05587056227916959,-0.29847810884653436
0.9208922703839897,0.09691244828165457,0.3775783411625683,0.20620898716740899,0.7008765251592797,-0.6828249776421812,-0.33081003606059556,0.7066682912432886,0.6254475567086967
-0.10911750834423202,0.8174224056319168,-0.5656093883093497,-0.5109231760348389,0.4419702670112608,0.7373057651127302,0.8526727845798878,0.3694359130470741,0.3694133573489934
0.785903090830714,0.3432237699907028,-0.5143479129306349,-0.1199088926598344,0.900610024577451,0.4177600281162569,0.6066120583073034,-0.26664400864068294,0.7489477841426628
0.6113478094949069,0.6652187314248661,0.4286465854142213,0.004785589862402351,-0.5447545403806769,0.8385818915671305,0.7913475557272218,-0.5106138757379488,-0.3362179589915185
0.9998716651190295,0.013729259155176032,-0.008255951498731207,-0.013473359272592744,0.9994503069148344,0.030291130678057734,0.008667288042463195,-0.03017600786872819,0.9995070218198046
0.04165454078319558,0.8845164466970847,-0.46464562276481697,0.3948704140498328,0.4126153344769807,0.8208690162642048,0.9177920545201157,-0.2176677313632244,-0.33208207326342143
0.3892924336371807,0.3658680172255382,0.8453354334725918,0.7698400942215196,0.3746738043828026,-0.5166873035389193,-0.5057644021101557,0.8519155675774276,-0.13580219172526653
-0.7935639510631302,0.6040017863583422,0.07374345834720217,0.1694715040851059,0.10299250313999714,0.9801387420156855,0.5844105276911138,0.7903001875065512,-0.18409222892589727
0.875580097135088,0.40165516497489495,-0.2683889378307157,-0.3032652471987786,0.8894938353053343,0.34180536390652355,0.376018195493747,-0.21788493615391846,0.9006311516124842
0.9968564626349009,-0.07035572785433358,0.036431640933671516,0.07460175050626588,0.9883594103780932,-0.1325905529759561,-0.026679050291078144,0.1348916138058846,0.9905011260974976
0.9246321763105698,-0.19693507431271917,0.3259937346585414,0.2823706455932541,0.9288572868646487,-0.23977272394017868,-0.2555819967024849,0.3137526368716088,0.9144600187092293
0.754056320046662,0.13491466088437398,-0.6428040918321383,-0.09812805871113704,0.990832943101674,0.09284914085794513,0.6494381805000915,-0.006936363811773011,0.7603827566205071
0.015848784684436734,0.1502602883765612,0.9885194291267211,0.9933057947953805,0.11077077912027744,-0.032763280040369214,-0.11442208724692671,0.9824213353903094,-0.14749883294445854
-0.6827022913789345,0.6257468225285678,-0.3773042478443005,-0.3105051214936836,0.2189796291031464,0.925005130560929,0.6614409655231109,0.7486580234881941,0.044799698599492066
0.9970299527572442,-0.04931003581579704,0.05915905402162455,0.06188679475706016,0.9701833566397512,-0.2343379592253964,-0.04583991644392704,0.23730312864998387,0.9703535063023909
-0.2909145565914389,0.8945016631849445,0.3394635404908372,0.061674779418253944,-0.3365383453321769,0.9396478934711607,0.9547591017355717,0.294293589261554,0.04273571074213395
-0.9943751793668838,0.07351172664517569,-0.07624977839129929,0.01787469970546646,0.8260624723848589,0.5632950264540362,0.10439587046199039,0.5587636510753532,-0.8227300191845586
-0.24709759964822853,0.9680835883283645,-0.04191589504426463,-0.7487634643820732,-0.16330266593033954,0.6424060349238636,0.6150577620473057,0.19012208001524183,0.7652173181757181
0.8564569499901881,-0.2932988924476604,0.42480260416160465,0.4180006196493947,0.8769073581399318,-0.23729510574971635,-0.3029141376466735,0.3808007942862278,0.8736325201620824
0.07140538984191791,0.9060662170031193,0.4170674774028549,0.78472870008675,-0.309140355044326,0.5372458544681644,0.615712707000338,0.28892256971154884,-0.7330904522291861
0.9832460435252756,0.1616735140050698,0.08419556259770189,0.023577969977095208,-0.5708147885661066,0.8207402490958938,0.18075203241914112,-0.8050044422383538,-0.565063315702644
-0.7976695724505508,0.2353816247505463,0.5552645710977328,0.5971225263530403,0.43748795617201747,0.6723458758155618,-0.08466369770048277,0.8678708307889056,-0.4895225013801281
0.6479267806668014,0.7225801964456591,-0.24097457666589495,-0.028019895241515547,0.33875930713257696,0.9404557497839604,0.7611870810552483,-0.6025943839230574,0.2397378486993279
0.9998279476045416,-0.015228915481658833,0.010590340983272384,0.015283627275469724,0.99987016849524,-0.005104595047991656,-0.01051122857681272,0.005265575614494367,0.9999308915056347
-0.05785703397427089,0.9982058449120155,0.01541605666795487,-0.2540533188074792,-0.0296552264394353,0.9667354750642656,0.9654581683442353,0.05201594686550792,0.2553132711965424
0.9960366591099121,0.08890553224817482,-0.002603851922393041,-0.08868456247156548,0.9949424417538393,0.047165516811917746,0.006783958165554882,-0.04674766232205676,0.9988836939198833
-0.4189515829396993,0.2573034427602222,0.8707895896805715,0.903315766443343,0.02073014768490944,0.4284750717041056,0.09219651428983971,0.9661082751538257,-0.2411111847926276
0.9836743887413164,-0.14203058596796866,0.11050796163170196,0.17750966406539617,0.8667397210692452,-0.4661036098167423,-0.029580671016534943,0.47811041462239995,0.8778014669227939
0.34471721720574966,0.9378644668278144,0.03975276120853738,0.26258215367177606,-0.13699828818930643,0.9551345882158656,0.901232851562245,-0.3188129716541952,-0.2934921402184486
-0.574114452119987,-0.22973369530781637,0.7858848675901469,0.3837335835818337,0.7723933222643932,0.5061196425281452,-0.7232849595411279,0.5921410178003117,-0.35528563486299314
0.8525694779275399,-0.20892580053613918,0.4790357973854311,0.23400518907523066,0.9722060883447565,0.007542762839547801,-0.46729739651770796,0.10566613296473704,0.8777629586352178
0.6371079033947522,-0.23439771766270318,0.7342691804688928,0.6975244930906128,0.5806689600043765,-0.4198608584115933,-0.327952894438557,0.7796674091187549,0.5334469328690727
-0.36390583585136177,0.9040517944946281,-0.22419387927498072,-0.32170958719799514,0.10388973995846179,0.9411215986450738,0.8741141139108886,0.4146049623465767,0.25303604695650866
0.9967855044601125,-0.06669364200756267,0.0443916232409442,0.06873912966090998,0.9965612330204259,-0.046267060575195085,-0.041153252018029274,0.04916977686115004,0.9979422542871732
0.3218981493004768,-0.7681843073999226,0.5534206820687394,0.8162304039766904,0.5213545075613073,0.24891244458555195,-0.47973900102136424,0.3715943316440762,0.7948384386710394
-0.2698445480652186,0.12688719892753905,0.954506971492509,0.9363040511840235,0.26596366743709476,0.22934265050311925,-0.22476352821546391,0.9555956081689227,-0.1905738440405787
0.9821637146356239,-0.16519308920151862,0.08980913613442273,0.1870234463986706,0.8089767708485885,-0.5572959848451758,0.019407940393450673,0.5641523087850034,0.8254426111742923
0.9317276171270323,0.19628721765093157,-0.30554046486453823,-0.15698112058730013,0.9763672493048835,0.14853929535301913,0.3274760682277986,-0.09043407914979734,0.9405217180195206
0.567550309412896,0.6534347887440388,-0.5009087972319508,-0.23427366203251548,0.7114049405854013,0.6625849845782474,0.7893050725563602,-0.2587005747378913,0.5568406550056164
0.4214486688584926,-0.20343366133095142,0.8837396477214823,0.372117025429849,-0.8498960306226908,-0.37310274257506637,0.8269884756770478,0.48609822317025486,-0.2824864218472727
-0.3475316006792696,0.6210069427188322,0.7025469120452484,0.7287588127821065,-0.29257869870787717,0.6191189690639598,0.590027439465081,0.7271506598755275,-0.35088393881861535
0.624674684611369,-0.45747916548373324,0.6328462305757963,0.7774268708938221,0.2881565698119484,-0.5590825088360861,0.07340980055774171,0.8412363546724063,0.5356607104871085
-0.41314950698929465,-0.7754472532629584,0.4774819811065505,0.785125302923043,-0.5689602982535912,-0.2446680153211385,0.4613954308231748,0.2737987151505975,0.8438889263388751
0.8832036606291332,0.46617136787693125,-0.05133760437583659,0.09714896839791046,-0.07476201881201723,0.9924579177387691,0.45881736212846264,-0.8815298612723806,-0.1113181561766844
-0.9921103227168422,0.06481845278031932,0.10731111656230677,0.012875815833641812,-0.7987614773105792,0.6015100296181599,0.12470493544884909,0.5981460277756486,0.7916249165677591
-0.2621810734178565,0.47829106071296734,0.838151982628166,0.8855763578493571,-0.225843329736306,0.40589321850935917,0.3834261325988731,0.8486650998218812,-0.36435140892356793
0.43043706801632475,0.8013712361600387,-0.4153649868884502,-0.4298749015217073,0.5866389766195119,0.6863397701958663,0.7936822408994753,-0.11687109551186875,0.5970005423068253
-0.23670264748991598,0.6953761619119849,0.6785453928189489,0.971569964570744,0.17290606778102535,0.16172598946522784,-0.004864217847507318,0.6975352931350933,-0.7165339170030066
0.5386354183693632,0.7878384046792355,0.29863444910213954,0.7733629118537891,-0.6029640606425581,0.19581661865752148,0.3343376925312034,0.12547904082321482,-0.9340628017788721
0.8586699582612539,0.45544160185912747,-0.2350720104044891,-0.3922345476365273,0.8791655880874016,0.2705918113382255,0.32990599027599476,-0.1401456956846175,0.9335530095078103
0.793061270986329,0.5148845486071412,-0.32549611682348734,-0.26825828735461116,0.7749565892941424,0.5722584870276377,0.5468924133018482,-0.36651901221520683,0.7527101048595468
-0.6268441825156966,0.18095499708547633,0.7578401281774565,0.5472096618074435,-0.5901492997973626,0.593536342588444,0.5546421881454853,0.786752243707305,0.27091133263617795
0.6269008015736665,0.678610057873543,0.38273198760903376,-0.6652053090332076,0.21048427221135407,0.7163785786758924,0.40558264487072115,-0.7036936552964818,0.5833677722287605
0.8710197339400482,0.3873894871879112,-0.30208278385782683,-0.3160411828278258,0.9126698991435835,0.259136307672293,0.37608854521747426,-0.13024223744057706,0.9173845244730672
0.436538075703164,0.323220991795239,0.8396205684261674,0.6305080183628752,0.5558155989313993,-0.5417828520400494,-0.6417897998889504,0.765896344453629,0.038841244973215394
0.4403338222189862,0.8197855383598127,-0.36613903930901764,-0.5057095885127247,0.5634202261985434,0.6533111515936896,0.741865174473306,-0.10251497357212913,0.6626663889901139
0.13746514382714628,0.20722758631234794,0.9685866309751237,0.6079162014048007,0.7543832952025172,-0.24767667631197965,-0.7820110141821146,0.6228664153657266,-0.022275598921477395
0.5945388216883899,0.7966338883355298,-0.10907812549175744,-0.6126872426700265,0.5366933154491818,0.5801505216937795,0.520709066729955,-0.2780912316265643,0.8071724318369898
0.986283383477548,-0.10567951329927106,0.12679482617563484,0.14518717569080886,0.9208665315241523,-0.3618363098606925,-0.07852242667548237,0.37528212265908173,0.9235786685071757
0.2802469315128525,0.8945400496962074,0.34822371669249874,-0.639347905394017,-0.09664907319209895,0.7628192528504978,0.7160278718359459,-0.4364138587861474,0.544836700868683
0.8702701000598607,-0.07127366930013085,0.4873910309046491,0.45733752728890764,0.48443236063902717,-0.7457665010571121,-0.1829544726839678,0.8719204963929883,0.45418312264409005
0.9975423374062191,-0.039863351886833986,0.057621161550979905,0.0432819455030522,0.9972983716908086,-0.05935175664066478,-0.055099530629657056,0.06169984602256606,0.9965727122118
-0.8961444773587518,0.4212240074822735,-0.13962596900284563,0.10517518747974017,0.5072824132156635,0.8553377889352801,0.43111860970968474,0.751821048363682,-0.4989006470223526
-0.4668523947267896,0.314922060775689,-0.8263612631135705,0.22275796959701827,0.9461899768564873,0.23474116528068825,0.8558199159396073,-0.07448908197255982,-0.511882455401638
0.9187271693171721,0.39322447579510955,-0.03626154980303398,-0.36217877481861516,0.8756522113396239,0.3194679011214022,0.15737510422345574,-0.2803706768042771,0.9469030363025394
0.9704587563181469,-0.14571580285619595,0.19229328403095713,0.23688685366194645,0.424295837477155,-0.8739895084391484,0.045764842920955034,0.8937225224293808,0.4462797688164748
