-0.6198145035754558,0.5678008576913041,-10.96783625730994
0.0948262309351434,-1.0804959922010722,-10.946393762183236
0.7804731108994725,1.017988966346297,-10.92495126705653
-1.431563602403872,-0.2532234442578681,-10.903508771929824
1.355438073273473,-0.8622187522810127,-10.882066276803117
-0.45314532446899297,1.6856780202033326,-10.860623781676413
-0.863773340184935,-1.6631430047041604,-10.839181286549708
1.8731224136926885,0.6840613012472609,-10.817738791423002
-1.9477139367441174,0.8039879994077197,-10.796296296296296
0.9384648638918224,-2.0054449039207567,-10.77485380116959
0.6931601210274455,2.2099036924007036,-10.753411306042885
-2.0881627324847076,-1.2101329861566328,-10.731968810916179
2.448443774592381,-0.5382834954194605,-10.710526315789473
-1.4935090396035757,2.1243629217880495,-10.689083820662768
-0.34486457301616635,-2.661296108288887,-10.667641325536064
2.1160824050813716,1.7834364912425367,-10.646198830409357
-2.8461728607862664,0.11769818348176765,-10.624756335282651
2.0750350783380482,-2.0649370525088626,-10.603313840155945
-0.13875897165203332,3.0007906933065382,-10.58187134502924
-1.9724418604793652,-2.363644561514051,-10.560428849902534
3.123011570852488,0.4201967898144753,-10.538986354775828
-2.6448039261467993,1.8401856842708872,-10.517543859649123
0.7223523711769498,-3.210928712619713,-10.496101364522417
1.6699299482520258,2.9142504246753997,-10.47465886939571
-3.262923031334223,-1.0409614422749007,-10.453216374269005
3.1679301185179245,-1.4636640661816542,-10.4317738791423
-1.3717397550565666,3.277702018087871,-10.410331384015596
-1.2236343094218325,-3.4020150986035826,-10.38888888888889
3.2543270987982713,1.7103831168760821,-10.367446393762183
-3.6129244046146534,0.952355278223078,-10.346003898635477
2.052579460226357,-3.19223266455217,-10.324561403508772
0.6526092887008269,3.797346688944973,-10.303118908382066
-3.091238556301994,-2.3940288889527563,-10.28167641325536
3.952263275620476,-0.32743693356738507,-10.260233918128655
-2.7304690523783472,2.9515570382877248,-10.238791423001949
0.019879072748339385,-4.074970638975609,-10.217348927875243
2.7737948922808666,3.057704025930825,-10.195906432748536
-4.163101570886471,-0.38583531786947833,-10.174463937621832
3.3716353798536964,-2.558951045556166,-10.153021442495128
-0.7667333327276722,4.214644472517857,-10.131578947368421
-2.3084100275685002,-3.6682944349758118,-10.110136452241715
4.227960327107725,1.1587086398548314,-10.088693957115009
-3.9438749123588517,2.0239314901351784,-10.067251461988304
1.5577625480003563,-4.201797001923171,-10.045808966861598
1.7076359994589665,4.194765325224896,-10.024366471734892
-4.135300600740068,-1.959796127079521,-10.002923976608187
4.417580562318594,-1.361987301801004,-9.981481481481481
-2.360645858536482,4.028023649492079,-9.960038986354775
-0.9897712698848361,-4.6091921871256005,-9.938596491228068
3.879929951124018,2.7561204966368065,-9.917153996101364
-4.766757036631991,0.5940717491997589,-9.89571150097466
3.142038704071689,-3.6913959936947944,-9.874269005847953
0.17824353914628774,4.887743752528481,-9.852826510721247
-3.4632088399859025,-3.514267045708913,-9.831384015594542
4.969956920742744,0.2541172386173108,-9.809941520467836
-3.8687579406877246,3.1965604682629447,-9.78849902534113
0.699205114567377,-5.0115585343641955,-9.767056530214424
2.8930385729944192,4.201587187512319,-9.74561403508772
-5.011086531975529,-1.153039301353472,-9.724171539961015
4.508990690791123,-2.5546138715836726,-9.702729044834308
-1.6114994766732111,4.967470199118727,-9.681286549707602
-2.183623998660563,-4.787400032758048,-9.659844054580896
4.880042255706967,2.070363002283769,-9.638401559454191
-5.033476548307589,1.7827541032590424,-9.616959064327485
2.5253432507117894,-4.748547486998285,-9.595516569200779
1.355014296222577,5.244143579382157,-9.574074074074074
-4.57314781043607,-2.97212870192414,-9.552631578947368
5.416616603388213,-0.9037141253499297,-9.531189083820662
-3.406422465539704,4.354423705278353,-9.509746588693956
-0.43243428399489825,-5.548430951000539,-9.488304093567251
4.093371966432458,3.823981880239049,-9.466861598440547
-5.6374668512620385,-0.05500421507164991,-9.44541910331384
4.220657840953567,-3.7913997781741386,-9.423976608187134
-0.5545731448854215,5.681971566252936,-9.402534113060428
-3.4503151373033916,-4.592433506239226,-9.381091617933723
5.6805784036896885,1.062072171498785,-9.359649122807017
-4.935462042973662,3.0723136885926463,-9.33820662768031
1.5731656671591265,-5.632322423479894,-9.316764132553606
2.659962067900915,5.24610307314978,-9.295321637426902
-5.536652683331199,-2.0834209171866402,-9.273879142300196
5.520957498013186,-2.216177879858244,-9.25243664717349
-2.588347394791989,5.393440898791013,-9.230994152046783
-1.744206467331018,-5.756900388042275,-9.209551656920079
5.202986424358057,3.0834367674584238,-9.188109161793372
-5.951111643187842,1.247594658747917,-9.166666666666666
3.564203290833605,-4.966017494319985,-9.145224171539962
0.7301617065761224,6.101104146250543,-9.123781676413255
-4.683688694483636,-4.026224241393154,-9.102339181286549
6.204749153129253,-0.1959676555786703,-9.080896686159843
-4.465180037482351,4.357574668716673,-9.059454191033138
0.35072059724440396,-6.26029868675026,-9.038011695906434
3.989660096950831,4.876893699717959,-9.016569200779728
-6.266404726595815,-0.905465268105546,-8.995126705653021
5.2573693061350095,-3.582326013731886,-8.973684210526315
-1.463695375754475,6.222135012682865,-8.95224171539961
-3.138332568286307,-5.602829104836801,-8.930799220272904
6.1269853113738115,2.0207458371358284,-8.909356725146198
-5.9097489572043465,2.66079835813222,-8.887914230019494
2.5718976385264405,-5.980888020293423,-8.866471734892787
2.153176498242809,6.174891797845358,-8.845029239766081
-5.784217020629311,-3.112418740800551,-8.823586744639375
6.3953388133073865,-1.6192276164193495,-8.80214424951267
-3.637605369879143,5.537788716947374,-8.780701754385966
-1.062989992608935,-6.568518060011267,-8.75925925925926
5.242859237092121,4.1428233387971,-8.737816764132553
-6.692230262725605,0.4887470851804199,-8.716374269005847
4.623549046210633,-4.901117797489839,-8.694931773879143
-0.09900728956457752,6.764671558027012,-8.673489278752436
-4.514676271961198,-5.075409797577158,-8.65204678362573
6.784452972380516,0.6956058373097771,-8.630604288499026
-5.4942230996786225,4.086055034687628,-8.60916179337232
1.2962464190830618,-6.7506164515216085,-8.587719298245613
3.618165180014192,5.8760345865625885,-8.566276803118907
-6.662647286496855,-1.8960321159451632,-8.544834307992202
6.217154245322991,-3.114287253006656,-8.523391812865498
-2.4900123894782342,6.520482811789768,-8.501949317738791
-2.578046654885112,-6.514190623313503,-8.480506822612085
6.324517282164069,3.073224991937999,-8.45906432748538
-6.764082714309308,2.0133859163325516,-8.437621832358674
3.640738272207725,-6.075602866945104,-8.416179337231968
1.4245340590258624,6.964129239644816,-8.394736842105262
-5.7750467331562225,-4.187693518957491,-8.373294346978557
7.112015061333197,-0.8159732912838279,-8.351851851851853
-4.70934698068296,5.424604221961122,-8.330409356725147
-0.1924033072811361,-7.205834487427967,-8.30896686159844
5.026468155956349,5.201111203607749,-8.287524366471734
-7.244111255234091,-0.4412965193742382,-8.26608187134503
5.658595332774094,-4.583254347733452,-8.244639376218323
-1.080106737941097,7.225815005205942,-8.223196881091617
-4.0979834125108585,-6.077644028987811,-8.201754385964913
7.150374087256895,1.7189088925525267,-8.180311890838206
-6.45437466457019,3.574059019249222,-8.1588693957115
2.3525277240437905,-7.017684571512478,-8.137426900584794
3.0152427452438912,6.785212474021369,-8.11598440545809
-6.828115367014094,-2.9757741508109645,-8.094541910331385
7.066923351613186,-2.425625728476288,-8.073099415204679
-3.5834886699199977,6.582509384263384,-8.051656920077972
-1.809597339754113,-7.296644006477186,-8.030214424951266
6.282180710518582,4.1705848146803595,-8.008771929824562
-7.471909206786367,1.1718111226432197,-7.987329434697855
4.732092302925805,-5.928907800139933,-7.965886939571149
0.5171482731704982,7.590675867977276,-7.944444444444445
-5.524922715752698,-5.2631995113302645,-7.923001949317739
7.6513437654324985,0.14932104694766232,-7.901559454191033
-5.759294915227533,5.072896489275243,-7.880116959064327
0.822378250409075,-7.652772679435137,-7.858674463937621
4.57592070466462,6.21600714057423,-7.837231968810917
-7.5942958092921335,-1.4966983877906208,-7.815789473684211
6.629243284833689,-4.037485436300539,-7.794346978557504
-2.1668933902640566,7.475729324065399,-7.772904483430799
-3.461453707964447,-6.995225176611252,-7.751461988304094
7.297377949095171,2.827556136163732,-7.730019493177387
-7.310523259700082,2.852032667153031,-7.708576998050681
3.473304977614796,-7.060036520191098,-7.687134502923977
2.2137416977042017,7.572087805713743,-7.665692007797271
-6.764987470730951,-4.0988283580663705,-7.644249512670565
7.777277180515217,-1.5513777201962657,-7.622807017543859
-4.698929149253782,6.413994250670246,-7.601364522417154
-0.869977954071879,-7.923882913043702,-7.579922027290449
6.0092907103490125,5.268568336880033,-7.558479532163743
-8.010151340700007,0.17478043773211888,-7.537037037037036
5.802907688156585,-5.553566515703293,-7.515594541910331
-0.528817377248423,8.034801632971961,-7.4941520467836265
-5.049948694768698,-6.297351041253723,-7.47270955165692
7.9970400242401265,1.2353016242881882,-7.451267056530214
-6.7475838666317625,4.501979447924647,-7.4298245614035086
1.939086264212613,-7.896570117463038,-7.408382066276804
3.9135903858991226,7.1496107630817765,-7.386939571150098
-7.733599152449567,-2.6345582119820805,-7.3654970760233915
7.499790566999426,-3.289073389870895,-7.344054580896686
-3.3161229789439273,7.508840165422053,-7.322612085769981
-2.6330483168154037,-7.794868771825572,-7.3011695906432745
7.223510000287348,3.978250455985719,-7.279727095516568
-8.032006975567363,1.9504278002993578,-7.258284600389864
4.615520460213858,-6.879323166187031,-7.236842105263158
1.246379422010315,8.208809097696935,-7.215399610136452
-6.478481570212223,-5.2226676681386905,-7.193957115009746
8.323344132325403,-0.5262855521941681,-7.1725146198830405
-5.794625561823193,6.023660188357088,-7.151072124756336
0.20429882231208388,-8.37416523215951,-7.12962962962963
5.517988771576408,6.3265690210131895,-7.1081871345029235
-8.360324947151566,-0.9396899458372392,-7.086744639376218
6.813955203898559,-4.965029716902706,-7.065302144249513
-1.6741204655628505,8.281386472701485,-7.0438596491228065
-4.368752265728571,-7.252562371738197,-7.0224171539961
8.137430794523874,2.4017855629100433,-7.000974658869396
-7.638526328068786,3.7335032222674265,-6.97953216374269
3.116889670970261,-7.929059650582683,-6.958089668615984
3.0639744146366503,7.968374161456978,-6.936647173489278
-7.6573942645538615,-3.8136933979450944,-6.915204678362573
8.239055001617306,-2.3651671487046952,-6.893762183235868
-4.486560273284747,7.324069839823367,-6.872319688109162
-1.6423539305788835,-8.447967522036583,-6.8508771929824555
6.931225837781737,5.1300029330781864,-6.82943469785575
-8.592983947834552,0.90103775716572,-6.807992202729046
5.738728364260093,-6.4814920988518745,-6.786549707602339
0.1469092954118101,8.672470355246638,-6.765107212475633
-5.977970898999317,-6.307681833344204,-6.743664717348928
8.68530307861604,0.6141977105496752,-6.722222222222223
-6.832089134627542,5.424215068141198,-6.700779727095517
1.3763524492239072,-8.630881071892407,-6.679337231968811
4.824202329613854,7.307496805067961,-6.657894736842105
-8.509134104102046,-2.1335741003860464,-6.6364522417154
7.729809968226117,-4.182306051408569,-6.615009746588694
-2.8798795642844714,8.320526701817903,-6.593567251461987
-3.503262629978749,-8.095327487665912,-6.572124756335283
8.066057786044276,3.6093314761714246,-6.5506822612085776
-8.400774130884892,2.7921357558095807,-6.529239766081871
4.3160861170346845,-7.747255985862926,-6.507797270955165
2.054277836386595,8.643329468035923,-6.48635477582846
-7.366170646376843,-4.99444083069244,-6.464912280701755
8.82065325522194,-1.295288876476616,-6.443469785575049
-5.6388805598714615,6.925358583657631,-6.422027290448343
-0.520973137556195,-8.930907079789955,-6.400584795321637
6.427866674244565,6.244123119542074,-6.379142300194932
-8.972772074609283,-0.2627060824329766,-6.357699805068226
6.805162834535064,-5.877210401004489,-6.336257309941519
-1.0496731911768915,8.94546253954036,-6.314814814814815
-5.2773485105200315,-7.317312180322466,-6.2933723196881095
8.848735340948249,1.8337881943208862,-6.271929824561403
-7.776241080648314,4.632653969401753,-6.250487329434697
2.608895355650035,-8.682894993920437,-6.2290448343079925
3.9478814377015445,8.178013533398106,-6.207602339181287
-8.448794366538497,-3.3688722350000093,-6.186159844054581
8.519121256507784,-3.22813150673031,-6.164717348927875
-4.107678709222363,8.147830980847328,-6.143274853801169
-2.478811975774273,-8.79651406871178,-6.121832358674465
7.781938920789452,4.819405580133929,-6.1003898635477585
-9.007626745306734,1.7055964672810422,-6.078947368421052
5.498322375254947,-7.353576393006741,-6.057504873294347
0.914380702755941,9.150402116699393,-6.036062378167642
-6.8657090218116865,-6.138923952154991,-6.014619883040936
9.223310207044335,-0.11123678180060026,-5.99317738791423
-6.735975525470367,6.3217889944641605,-5.9717348927875245
0.6976341758506729,-9.225363241576183,-5.950292397660819
5.725730206900291,7.284555746990394,-5.928849902534113
-9.156126384017243,-1.505950650855274,-5.9074074074074066
7.780097483584622,-5.081879592957774,-5.885964912280702
-2.3074002213172484,9.015724099447773,-5.864522417153997
-4.394984851659552,-8.218425955040578,-5.84307992202729
8.80484207298596,3.095689541844701,-5.821637426900584
-8.595793913970704,3.6701588169953614,-5.800194931773879
3.864594404752241,-8.524724650257157,-5.778752436647174
2.9128407426319285,8.908913572671645,-5.757309941520468
-8.177167801650018,-4.608009481441906,-5.735867446393762
9.154985007001885,-2.12875479985535,-5.714424951267056
-5.319997343132309,7.764507648469627,-5.692982456140351
-1.3238661105887368,-9.331720794786992,-5.671539961013645
7.28960462501259,5.994836364486779,-5.6500974658869385
-9.4373666757489,0.5043346583373863,-5.628654970760234
6.62706712128972,-6.755823386014506,-5.607212475633529
-0.32353256178353784,9.470718051253272,-5.585769980506822
-6.167008603568694,-7.211536904083145,-5.564327485380116
9.431132175028448,1.1533307773429977,-5.542884990253412
-7.7434419835230335,5.5274568312038275,-5.521442495126706
1.978607668166826,-9.318535920168545,-5.5
4.841884645063171,8.21836728004401,-5.478557504873294
-9.133429042919609,-2.792914192801328,-5.457115009746588
8.63232311010181,-4.115393302785068,-5.435672514619884
-3.589855607320192,8.876882899678845,-5.414230019493178
-3.3534301894916347,-8.981778703644586,-5.392787524366471
8.550534610024922,4.363142269010628,-5.371345029239766
-9.263692212372082,2.5617473470128775,-5.3499025341130615
5.106639817832745,-8.156576695149177,-5.328460038986355
1.7463574068858028,9.475536955580987,-5.307017543859649
-7.69774225747863,-5.814418332184188,-5.285575048732944
9.61532367975187,-0.9134872695697613,-5.264132553606238
-6.480800062398595,7.177285803277883,-5.242690058479532
-0.0695298915275497,-9.681618639275477,-5.221247563352826
6.598959845296777,7.100405355513915,-5.199805068226121
-9.67355733859733,-0.7790054418249815,-5.178362573099416
7.668196398091183,-5.966987456807946,-5.15692007797271
-1.6255439659383946,9.590853810317798,-5.135477582846003
-5.286030981374467,-8.179518420147065,-5.114035087719298
9.433805339147618,2.4634970081047247,-5.0925925925925934
-8.630138022460146,4.56115713413377,-5.071150097465887
3.2863138709220707,-9.203292577804048,-5.049707602339181
3.7977987600227983,9.016278311474132,-5.0282651072124755
-8.900775037650877,-4.087533615792982,-5.00682261208577
9.334650550580504,-3.0017135419583805,-4.985380116959064
-4.860836333512356,8.528281973842297,-4.963937621832358
-2.1789399772989073,-9.582482063527149,-4.942495126705653
8.088398721629126,5.600093491824777,-4.921052631578948
-9.757540154856784,1.3357509637398164,-4.8996101364522415
6.299416955953168,-7.584248577029512,-4.878167641325535
0.4786053559467767,9.858151843400416,-4.856725146198831
-7.019470350959912,-6.953206287478867,-4.835282651072125
9.883219237690538,0.38590212846139316,-4.813840155945419
-7.556193939518824,6.398191760877312,-4.792397660818713
1.2510922606475132,-9.832230416457126,-4.7709551656920075
5.724998857709066,8.10348798181188,-4.749512670565303
-9.705265712852482,-2.110253505875074,-4.728070175438597
8.590612007947115,-5.004901718099646,-4.7066276803118905
-2.9566946702533383,9.502999337441668,-4.685185185185185
-4.243296662451158,-9.0135418984635,-4.663742690058481
9.226696311993386,3.7837975720675168,-4.642300194931774
-9.368739137659638,3.445925287732851,-4.620857699805068
4.585069319415814,-8.878204723429468,-4.599415204678363
2.6188306302476017,9.653180408584376,-4.577972709551657
-8.459943344629078,-5.354193777843559,-4.556530214424951
9.864383219560121,-1.768310797323519,-4.535087719298245
-6.085081816936105,7.974884705844158,-4.51364522417154
-0.9008704280214292,-10.00042734652268,-4.492202729044835
7.426533736964678,6.771919933411926,-4.470760233918129
-10.05997190819317,0.023170361246229922,-4.4493177387914224
7.4092168600737995,-6.818902136483503,-4.427875243664717
-0.858024095031592,10.042267925372085,-4.406432748538013
-6.156478657463378,-7.991847784942215,-4.384990253411306
9.947166251191064,1.7358958875275332,-4.3635477582846
-8.515095822898333,5.44419553382461,-4.342105263157895
2.6036295194528187,-9.775120795692652,-4.320662768031189
4.687391301584015,8.974690403065813,-4.299220272904483
-9.52718700534202,-3.454464509760199,-4.277777777777777
9.366842258800604,-3.8917702990293286,-4.256335282651072
-4.281748586839951,9.205015595710208,-4.234892787524367
-3.0633591569698786,-9.688274733351799,-4.213450292397661
8.810841573306462,5.078990194685752,-4.192007797270954
-9.936251142800344,2.2084606149418495,-4.17056530214425
5.839909893923689,-8.347468620075134,-4.1491228070175445
1.3336050213624222,10.108597968552598,-4.127680311890838
-7.818248951110637,-6.55849024781112,-4.106237816764132
10.203723684221266,-0.44549989493931336,-4.084795321637427
-7.22902379431046,7.227058792384391,-4.063352826510722
0.4490220590092299,-10.22063305591069,-4.041910331384016
6.578269660429853,7.84615871954478,-4.02046783625731
-10.158936790466901,-1.3430560704204857,-3.9990253411306043
8.404941865240298,-5.876715659712186,-3.9775828460038993
-2.2296791475994437,10.018856442874181,-3.956140350877193
-5.127657045545868,-8.900858723023095,-3.934697855750487
9.801224531388163,3.10200421789915,-3.913255360623782
-9.329870091507743,4.336740330656278,-3.8918128654970765
3.953234138911635,-9.507479846894377,-3.8703703703703702
3.5099552415656063,9.688445097815151,-3.848927875243664
-9.139657981068313,-4.7767151531240835,-3.827485380116959
9.973590313285506,-2.6535888566906167,-3.806042884990254
-5.565989362405139,8.700377135885406,-3.784600389863548
-1.7741772811607102,-10.182874723490071,-3.7631578947368416
8.19281931458342,6.314845805473733,-3.7417153996101367
-10.3144503449546,0.8784552337099072,-3.7202729044834317
7.017369731619425,-7.620707031015528,-3.6988304093567255
-0.026696061601366314,10.367068315033425,-3.677387914230019
-6.988275710154481,-7.667989677314541,-3.655945419103314
10.340090316848439,0.9343022717635922,-3.634502923976609
-8.261521968883535,6.300241987029838,-3.6130604288499026
1.837350221114895,-10.233495237851384,-3.5916179337231964
5.561768144323097,8.793212293947825,-3.5701754385964914
-10.047880998090594,-2.7288426015697946,-3.548732943469786
9.258774006794594,-4.7784229599453045,-3.52729044834308
-3.601852696353664,9.784461522367923,-3.5058479532163735
-3.95613926492651,-9.654422857951772,-3.4844054580896686
9.445058868854701,4.44957868578767,-3.4629629629629637
-9.97690786589289,3.1011685386235732,-3.4415204678362574
5.265397106063073,-9.032090565093418,-3.420077972709551
2.2200328923751487,10.223538078732219,-3.3986354775828462
-8.548552240332917,-6.042915037756866,-3.3771929824561413
10.392205005754345,-1.3194748141448553,-3.355750487329435
-6.776020609994922,7.997995680547538,-3.3343079922027288
-0.40640506512616636,-10.48140053243473,-3.3128654970760234
7.3845024689278596,7.458931418684401,-3.2914230019493185
-10.49023016793236,-0.5121508652750199,-3.269980506822612
8.086240472887912,-6.712653409881691,-3.248538011695906
-1.4291073274800759,10.41842151064554,-3.227095516569201
-5.987493968297146,-8.652959302211116,-3.2056530214424956
10.266327854992538,2.337373675282587,-3.1842105263157894
-9.154557879789788,5.214495987769769,-3.162768031189083
3.2299095918476155,-10.034926900828586,-3.141325536062378
4.399515981406784,9.587001039961782,-3.1198830409356733
-9.725814565532623,-4.099780143002855,-3.098440545808967
9.946781096794114,-3.54875031645745,-3.0769980506822607
-4.940210123993343,9.34119393748504,-3.055555555555556
-2.6686876391555083,-10.230946399094938,-3.034113060428851
8.883859448104257,5.744637270645624,-3.0126705653021446
-10.43712558914424,1.7660589085942215,-2.9912280701754383
6.506763914069023,-8.357176377509429,-2.969785575048733
0.8477854280043788,10.563547365877588,-2.948343079922028
-7.765055845926849,-7.22060666955084,-2.926900584795322
10.609055588390941,0.07907472168883603,-2.9054580896686155
-7.880543765092226,7.1119254788633075,-2.8840155945419106
1.0073814278283972,-10.573119592124684,-2.862573099415205
6.402695968543963,8.481359632969594,-2.841130604288499
-10.455839627643869,-1.929968043270076,-2.8196881091617927
9.018286408654362,-5.642723786879294,-2.7982456140350878
-2.83969720001065,10.257947370262354,-2.776803118908383
-4.837770336023077,-9.487042005219994,-2.7553606237816766
9.980801487558159,3.729516501072031,-2.7339181286549703
-9.883864457824313,3.993957851163771,-2.7124756335282654
4.592513652746891,-9.626378290788185,-2.6910331384015604
3.1177223963253677,10.205542261770834,-2.669590643274854
-9.197257535024074,-5.421970603009799,-2.648148148148148
10.449440458799149,-2.2157643174301365,-2.6267056530214425
-6.211416259036764,8.696603471188626,-2.6052631578947376
-1.2949965375048893,-10.613522259386999,-2.5838206627680314
8.128141290769667,6.954677367303265,-2.562378167641325
-10.696366023705492,0.3624910965270947,-2.54093567251462
7.645927153567347,-7.496129140525614,-2.519493177387915
-0.5745756471360984,10.697177460179505,-2.4980506822612085
-6.80532591968391,-8.279731337084357,-2.4766081871345023
10.61579693808179,1.508978725562815,-2.4551656920077973
-8.851091153512671,6.060955105688591,-2.4337231968810924
2.433500744441563,-10.452701848935792,-2.412280701754386
5.268664886209027,9.355483043999245,-2.39083820662768
-10.209003990415844,-3.3409881002473134,-2.369395711500975
9.788894693701275,-4.434484904624746,-2.34795321637427
-4.224406790208195,9.886441985606503,-2.3265107212475638
-3.5647799533151163,-10.147857131304653,-2.3050682261208575
9.487368789605132,5.0768973764266585,-2.283625730994152
-10.429472631719698,2.666200973589588,-2.262183235867447
5.891828671572149,-9.014734374213418,-2.240740740740741
1.7456337427972874,10.631438196830286,-2.2192982456140347
-8.472063719556743,-6.662849723040446,-2.1978557504873297
10.752064423686912,-0.8101456478786965,-2.1764132553606244
-7.383939685306678,7.863430278592794,-2.154970760233918
0.13306903978452933,-10.790289605596293,-2.133528265107212
7.193425116327414,8.049455186286572,-2.112085769980507
-10.745688948885755,-1.0767449610298394,-2.090643274853802
8.654174812739882,-6.467121959860925,-2.0692007797270957
-2.0136021009142,10.618478826415977,-2.0477582846003894
-5.690038427870111,-9.193340361951744,-2.0263157894736845
10.40951602787645,2.9364024143495087,-2.0048732943469796
-9.662694531944894,4.868093738520929,-1.983430799220273
3.838006201579492,-10.120292006223803,-1.9619883040935668
4.007563222899612,10.05851475008928,-1.9405458089668617
-9.75292215898697,-4.711427791184821,-1.9191033138401568
10.377642870026536,-3.115029996534097,-1.8976608187134505
-5.549890093190874,9.310130222276117,-1.8762183235867442
-2.197334164377887,-10.617510498992601,-1.8547758284600393
8.795227893862693,6.346877593266512,-1.8333333333333341
-10.776159751738593,1.2615199544328037,-1.8118908382066279
7.096187370767911,-8.212089839359793,-1.7904483430799216
0.3147811919314861,10.852259262988214,-1.7690058479532165
-7.565124271996297,-7.791977738489135,-1.7475633528265115
10.84511532748071,0.6355944605301617,-1.7261208576998053
-8.428814120217684,6.859239331514397,-1.704678362573099
1.582282061324313,-10.754678074817175,-1.683235867446394
6.099805520963848,9.001711803547884,-1.661793372319689
-10.581542625279157,-2.5179763043151326,-1.6403508771929827
9.506175229580967,-5.292614491437743,-1.6189083820662764
-3.4354483440329404,10.326945212188631,-1.5974658869395713
-4.4438344937891525,-9.938233508036948,-1.5760233918128663
9.99275429593456,4.3276020862297235,-1.55458089668616
-10.294471875671537,3.559962842877926,-1.5331384015594538
5.187529502322106,-9.581456734182552,-1.5116959064327489
2.647775763704952,10.57205884751061,-1.4902534113060437
-9.0961391117011,-6.008564533488337,-1.4688109161793375
10.768768844036035,-1.7142760097074217,-1.4473684210526312
-6.784335160875807,8.540464371372117,-1.425925925925926
-0.7666386613456518,-10.883000112815425,-1.404483430799221
7.918643925004965,7.5088132324113674,-1.3830409356725148
-10.913787799886682,-0.18784447223121808,-1.3615984405458086
8.17636165399603,-7.235405458232533,-1.3401559454191037
-1.1418214143373244,10.86081206419569,-1.3187134502923985
-6.495956677812867,-8.781778573208385,-1.2972709551656922
10.724401167242766,2.087937102643796,-1.275828460038986
-9.320338207033616,5.705945281681245,-1.2543859649122808
3.0188905453819235,-10.50552950951625,-1.232943469785576
4.871415462046805,9.787827991159833,-1.2115009746588696
-10.205810624962213,-3.927491604408849,-1.1900584795321634
10.180581757073378,-3.998761279263471,-1.1686159844054584
-4.8067169603377895,9.827485184353984,-1.1471734892787533
-3.094677269042615,-10.495508674155644,-1.125730994152047
9.373404097662581,5.649764821020666,-1.1042884990253408
-10.730117727061176,2.166106667560089,-1.0828460038986356
6.450107944236936,-8.847006844083383,-1.0614035087719307
1.2201876579815343,10.882537533563005,-1.0399610136452244
-8.252295195939197,-7.201544558392572,-1.0185185185185182
10.951531344513727,-0.2641980577342226,-0.9970760233918131
-7.898246781269636,7.593802538958252,-0.9756335282651081
0.6945011216356652,-10.93650710530218,-0.9541910331384018
6.8765590261300265,8.534806156263112,-0.9327485380116955
-10.837522496888791,-1.6485228010648323,-0.9113060428849905
9.106275947946283,-6.1060528351977155,-0.8898635477582855
-2.590511200429587,10.655284913872324,-0.8684210526315792
-5.288187830592653,-9.608209864043289,-0.8469785575048729
10.39114637676625,3.5131989961188923,-0.8255360623781679
-10.036696898759708,4.429237959009661,-0.8040935672514629
4.409463822383384,-10.047093415430858,-0.7826510721247566
3.5357987336376695,10.388392022710294,-0.7612085769980503
-9.625732000103344,-5.272383674041486,-0.7397660818713453
10.660542477148955,-2.614736185091944,-0.7183235867446403
-6.095290776531154,9.130267635380665,-0.696881091617934
-1.6731336771600882,-10.851009464594652,-0.6754385964912277
8.564480770531185,6.871823501124106,-0.6539961013645227
-10.958285063986937,0.7182370024137743,-0.6325536062378176
7.595975918276592,-7.932697716340805,-0.6111111111111114
-0.24260181358284033,10.981504235912736,-0.5896686159844051
-7.239757294045873,-8.262144600458441,-0.5682261208577001
10.920451821926754,1.201981560428064,-0.546783625730995
-8.865172307236255,6.49097347548939,-0.5253411306042888
2.1525092975046207,-10.775564481238094,-0.5038986354775825
5.692094305192941,9.400388209719203,-0.48245614035087747
-10.547927547745672,-3.086857765823535,-0.46101364522417243
9.863644338515515,-4.849257424314866,-0.43957115009746617
-3.9978223080314486,10.239266830261748,-0.4181286549707599
-3.968942543233445,-10.251347968881936,-0.39668615984405486
9.851935418451273,4.878376851244155,-0.3752436647173498
-10.56048968854464,3.057921233540629,-0.35380116959064356
5.721728514596741,-9.388895596222122,-0.3323586744639373
2.12320443136626,10.788666927477788,-0.31091617933723226
-8.853696002717363,-6.521370414078332,-0.2894736842105272
10.934102764479107,-1.1719880620077434,-0.26803118908382095
-7.271132251263662,8.250444218382787,-0.2465886939571147
-0.2115972106722082,-10.995659862399707,-0.22514619883040965
7.583774989515693,7.9652282898542,-0.2037037037037046
-10.972849422076598,-0.7505707243700085,-0.18226120857699835
8.598302344362486,-6.858814338960836,-0.16081871345029208
-1.7071034518616663,10.865835084079263,-0.13937621832358704
-6.081139842935823,-9.165469428654017,-0.117933723196882
10.675431747008432,2.650631331941508,-0.09649122807017574
-9.662353738217199,5.256737384085653,-0.07504873294346948
3.5738845948784523,-10.40309931096294,-0.053606237816764435
4.391954718546808,10.085122668757707,-0.032163742690059394
-10.050931394604783,-4.469749786710506,-0.010721247563353131
10.430516604782362,-3.4934522198264157,0.010721247563353131
-5.331325000371738,9.621639113688865,0.032163742690059394
-2.568151184474111,-10.695874245004536,0.053606237816763214
9.118530047671324,6.151973460394538,0.07504873294346948
-10.879153266406458,1.6231801036678566,0.09649122807017574
6.925375042177277,-8.545482558762906,0.11793372319687956
0.6658193207993325,10.978946165357408,0.13937621832358582
-7.906915664253619,-7.645575323007742,0.16081871345029208
10.99449115202227,0.29655549219674093,0.18226120857699835
-8.307031781402562,7.207754697814372,0.2037037037037046
1.2565305977715167,-10.925678013103633,0.22514619883040843
6.453393028504884,8.904656783709134,0.2465886939571147
-10.773048897436272,-2.206711747176197,0.26803118908382095
9.433857022142915,-5.649650137124812,0.2894736842105248
-3.1397815763370174,10.537794018784053,0.31091617933723104
-4.802726378092515,-9.890569096299915,0.3323586744639373
10.221742310061572,4.048556394456353,0.35380116959064356
-10.27129096047161,3.9191547809985354,0.3752436647173498
4.926041921425789,-9.827347102801646,0.39668615984405364
3.0057502691537112,10.57310899155848,0.4181286549707599
-9.357666944702713,-5.765487538449822,0.43957115009746617
10.793720466772045,-2.0695566926526445,0.46101364522417
-6.5604386280180575,8.816341706209343,0.48245614035087625
-1.1177920905427863,-10.931451276362338,0.5038986354775825
8.207564164004005,7.304786594436052,0.5253411306042888
-10.985268734023126,0.15779261049363505,0.546783625730995
7.992816174411,-7.5360472847275135,0.5682261208576989
-0.8030444752089705,10.954789386115984,0.5896686159844051
-6.806987465920132,-8.61924966854324,0.6111111111111114
10.840281760111846,1.7573182115433585,0.6325536062378152
-9.17928774882905,6.026024022819435,0.6539961013645215
2.6976814112417484,-10.642664032365706,0.6754385964912277
5.199195239015847,9.668646524242178,0.696881091617934
-10.363496635202578,-3.61689766469431,0.7183235867446403
10.083590575917846,-4.332891325820846,0.7397660818713441
-4.507897463678063,10.00496986298657,0.7612085769980503
-3.4338046593349554,-10.420961705180167,0.7826510721247566
9.56988657605635,5.363833000431805,0.8040935672514604
-10.67820317138131,2.5088776854233608,0.8255360623781667
6.178131214157048,-9.061640139830391,0.8469785575048729
1.565248900949483,10.85337923199142,0.8684210526315792
-8.484187773711032,-6.944544670947353,0.8898635477582855
10.945189834311819,-0.6101973345390492,0.9113060428849893
-7.657199880323744,7.84201952035361,0.9327485380116955
0.3489140382674379,-10.952980346288319,0.9541910331384018
7.1401230801322475,8.310642671844805,0.9756335282651056
-10.876746252875602,-1.3046955024578266,0.9970760233918119
8.899880278506043,-6.38394478795784,1.0185185185185182
-2.2497879859030223,10.717132783939203,1.0399610136452244
-5.5793470397319105,-9.420419799658687,1.0614035087719307
10.475429479466984,3.17692016779692,1.0828460038986345
-9.868302744757472,4.732562503415303,1.1042884990253408
4.078964866745978,-10.15355973758255,1.125730994152047
3.850145474735784,10.240135390162944,1.1471734892787508
-9.754065430195258,-4.948994267976256,1.168615984405457
10.533114714231614,-2.9389207597570643,1.1900584795321634
-5.780333558493584,9.28008670977559,1.2115009746588696
-2.005930485709426,-10.74504971076517,1.232943469785576
8.735337168404905,6.566612551789154,1.2543859649122797
-10.874377917282004,1.058379257489514,1.275828460038986
7.301814899725761,-8.124074546619225,1.2972709551656922
0.10357808994892517,10.920177032232603,1.318713450292396
-7.451067224360341,-7.980324508440801,1.3401559454191023
10.882171533906568,0.8511124445904665,1.3615984405458086
-8.596968797306177,6.7215567592930485,1.3830409356725148
1.798339408301156,-10.760734253068492,1.404483430799221
5.9412167685677,9.147058465029195,1.425925925925925
-10.556882890998137,-2.7308145816752987,1.4473684210526312
9.626423454606794,-5.1161084786298865,1.4688109161793375
-3.6413709927224733,10.272271514297607,1.4902534113060413
-4.252633293519875,-10.031444838971142,1.5116959064327475
9.909177097222194,4.523018449835336,1.5331384015594538
-10.359082381346639,3.357482755299286,1.55458089668616
5.368997644704644,-9.470481221121483,1.5760233918128663
2.437586290373771,10.606897558525123,1.5974658869395701
-8.959647078499847,-6.172832403297916,1.6189083820662764
10.773071871048845,-1.5000571525473188,1.6403508771929827
-6.928379677793971,8.38069196594445,1.6617933723196865
-0.5521369874472541,-10.856420301445347,1.6832358674463928
7.738155485426052,7.629876890458048,1.704678362573099
-10.856399819875218,-0.39886054659119974,1.7261208576998053
8.271986261581503,-7.037063706977835,1.7475633528265115
-1.3456066590777547,10.773112875531979,1.7690058479532154
-6.282889577236789,-8.849835777629531,1.7904483430799216
10.60730585156443,2.2808143637284286,1.8118908382066279
-9.359056482447965,5.481509887543542,1.8333333333333317
3.1972950249943675,-10.360362500863888,1.854775828460038
4.639159142010993,9.795815803562927,1.8762183235867442
-10.034292419459183,-4.088014072615675,1.8976608187134505
10.15684665703229,-3.762380689980711,1.9191033138401568
-4.946145449036805,9.63171465317955,1.9405458089668606
-2.8579755084011484,-10.439472107725527,1.9619883040935668
9.155836571373117,5.765124364921451,1.983430799220273
-10.641625397052621,1.932949037719031,2.004873294346977
6.538697951743373,-8.610428178505217,2.026315789473683
0.9944564897346269,10.761865186754346,2.0477582846003894
-7.999792070115061,-7.26097341739391,2.0692007797270957
10.79938590511455,-0.04974705741845941,2.090643274853802
-7.926463330799934,7.3287292736005645,2.1120857699805056
0.893892535166945,-10.75402312056104,2.133528265107212
6.6025012463620545,8.530127684526438,2.154970760233918
-10.626253906779002,-1.8291947000127031,2.176413255360622
9.067412410061339,-5.826788333714843,2.1978557504873284
-2.748967425360876,10.417192202859619,2.2192982456140347
-5.007645016443855,-9.534284048740611,2.240740740740741
10.12857921133508,3.6461500472513686,2.262183235867447
-9.927260311843316,4.151452302705878,2.2836257309941512
4.513867916510141,-9.762768915898217,2.3050682261208575
3.2648676409928874,10.243436296024772,2.3265107212475638
-9.322708838863443,-5.34548553449499,2.3479532163742673
10.48050615470137,-2.3547727498821414,2.3693957115009736
-6.134657743494031,8.811916195693083,2.39083820662768
-1.428219776167841,-10.636780061978646,2.412280701754386
8.23444963989642,6.87537857350216,2.4337231968810924
-10.711196342938225,0.49237620557320255,2.455165692007796
7.562027366053556,-7.594876826023942,2.4766081871345023
-0.44553104051560766,10.7033286822741,2.4980506822612085
-6.8982380510563965,-8.189411817710319,2.5194931773879126
10.61338836209072,1.378271883040477,2.540935672514619
-8.752807610521964,6.150006264971106,2.562378167641325
2.2986692963952775,-10.442221518837005,2.5838206627680314
5.3560437694179885,9.247994324078874,2.6052631578947376
-10.191301448541099,-3.199655012239495,2.6267056530214417
9.671287353465909,-4.522555949034787,2.648148148148148
-4.074324280181506,9.862716028420508,2.669590643274854
-3.65604240277524,-10.019565589242584,2.691033138401558
9.459150361263296,4.915989257568397,2.712475633528264
-10.290294649278895,2.7632458625380916,2.7339181286549703
5.718230612041967,-8.98386478640566,2.7553606237816766
1.851099303214535,10.481545487591958,2.776803118908383
-8.44066843737436,-6.474946935214659,2.7982456140350864
10.59200824197687,-0.926671661887662,2.8196881091617927
-7.18040158366413,7.833888561033333,2.841130604288499
0.0028874057842918906,-10.621001219912944,2.862573099415203
7.168335846099071,7.829266584295761,2.8840155945419093
-10.568474960654841,-0.9304032970657731,2.9054580896686155
8.41666326480957,-6.449266039909496,2.926900584795322
-1.8487323231297463,10.435011350280899,2.948343079922028
-5.6823381611031545,-8.938199296340581,2.969785575048732
10.221817805460352,2.750817221148692,2.9912280701754383
-9.390001864107186,4.873569642164318,3.0126705653021446
3.6297418825816536,-9.930716580507555,3.034113060428848
4.029288759410182,9.768746712869792,3.0555555555555545
-9.564129290607811,-4.478784869653299,3.0769980506822607
10.07168284692313,-3.1560847287551432,3.098440545808967
-5.291471302297869,9.12505678162279,3.1198830409356733
-2.2607558633234173,-10.296652698956649,3.141325536062377
8.617054513317429,6.0616227114036105,3.162768031189083
-10.442107618141591,1.3502562035588108,3.1842105263157894
6.783404470929509,-8.04420365790736,3.2056530214424934
0.43164104178807705,10.507118564953148,3.2270955165691997
-7.411078149230381,-7.451370441238765,3.248538011695906
10.491381938214861,0.48798822885300486,3.269980506822612
-8.060504478641173,6.722707949334445,3.2914230019493185
1.4015395066819847,-10.395220498358505,3.3128654970760225
5.984538828601529,8.60625849147547,3.3343079922027288
-10.219579389618788,-2.3019851793760826,3.355750487329435
9.084586750888018,-5.202388982461699,3.3771929824561386
-3.182416694329959,9.966017302521866,3.398635477582845
-4.382402832084968,-9.491976194550878,3.420077972709551
9.636692856272342,4.0360980740479695,3.4415204678362574
-9.825472493668764,3.5310023779806903,3.4629629629629637
4.856517958302056,-9.234346318192998,3.4844054580896673
2.654836494018803,10.082701687492024,3.5058479532163735
-8.762276813927388,-5.637439767229286,3.52729044834308
10.261887224910385,-1.7607285648711846,3.548732943469784
-6.372949595176502,8.22431521738935,3.57017543859649
-0.8556228821367746,-10.361862289266437,3.5916179337231964
7.624792943157059,7.057501463794484,3.6130604288499026
-10.382077320006458,-0.05346977663138532,3.634502923976609
7.6859595844869455,-6.968506895897483,3.655945419103313
-0.9595269562010674,10.322602682879861,3.677387914230019
-6.2606808612194005,-8.253637304654177,3.6988304093567255
10.18412647880383,1.855569287279006,3.720272904483429
-8.756332439039394,5.506923649856313,3.7417153996101353
2.7347147747777565,-9.96794751992064,3.7631578947368416
4.7131843320596625,9.190358716669987,3.784600389863548
-9.675963539486567,-3.590232184711967,3.806042884990254
9.552573105150065,-3.8857049213436925,3.8274853801169577
-4.415593111747973,9.310654739740711,3.848927875243664
-3.0309708860936437,-9.840398807152678,3.8703703703703702
8.875062818512133,5.204522320772094,3.8918128654970743
-10.051843758613707,2.155659883879619,3.9132553606237805
5.951045970386745,-8.37276565074505,3.934697855750487
1.266589126485104,10.185514494066119,3.956140350877193
-7.807847835074532,-6.649537343868179,3.9775828460038993
10.240625281484935,-0.3706617935623608,3.9990253411306034
-7.2947597336794825,7.184867347801832,4.02046783625731
0.5251870806060542,-10.217002466644297,4.041910331384016
6.50881857684589,7.881906148958715,4.0633528265107195
-10.115084005017446,-1.4140448195758326,4.084795321637426
8.406635541302357,-5.785092036250431,4.106237816764132
-2.2890749889905053,9.935914197375443,4.127680311890838
-5.019431087368709,-8.865105272439997,4.1491228070175445
9.681133683152813,3.143570528789598,4.170565302144248
-9.253999577768829,4.21788601579913,4.192007797270954
3.9710057164742323,-9.352964783063339,4.213450292397661
3.3867658331698265,9.570553812055373,4.234892787524364
-8.954192319032032,-4.7650865548746735,4.2563352826510705
9.812574297480639,-2.532588190048465,4.277777777777777
-5.5197991912585245,8.488140075024024,4.299220272904483
-1.6620278002217812,-9.97845362950788,4.320662768031189
7.958643096465298,6.229455991235653,4.342105263157894
-10.067181332385376,0.7818637873957712,4.3635477582846
6.888738910425813,-7.370016058427094,4.384990253411306
-0.10107362713293812,10.078349793220612,4.40643274853801
-6.727017963316424,-7.492739829178595,4.427875243664716
10.012155441165842,0.9799566731285614,4.4493177387914224
-8.036997540568233,6.034813457242609,4.470760233918129
1.8480133929012963,-9.869395176038882,4.492202729044835
5.29893108029109,8.517531109226345,4.513645224171539
-9.651458088365354,-2.6985803947255684,4.535087719298245
8.930869348100526,-4.525218789427866,4.556530214424951
-3.5251545832236917,9.360312550068896,4.577972709551656
-3.7197971134984096,-9.27407619169599,4.599415204678362
8.998488791557737,4.32144346097019,4.620857699805068
-9.54477177751555,2.8890103176138084,4.642300194931774
5.081413608004546,-8.569057116469251,4.663742690058481
2.0393759689979785,9.741149081992063,4.685185185185184
-8.07560193955703,-5.799336961476257,4.7066276803118905
9.86198599292757,-1.1775333079910957,4.728070175438597
-6.469834536155083,7.52219186586693,4.7495126705653
-0.3101908362799822,-9.906652737027008,4.770955165692007
6.91334606019169,7.08791724786706,4.792397660818713
-9.875114618247153,-0.5559264605042269,4.813840155945419
7.649023525886574,-6.253997184575211,4.835282651072125
-1.4141298369504998,9.767930060075487,4.856725146198829
-5.549451208131927,-8.149053426729239,4.878167641325535
9.586243982208895,2.2578190415394612,4.8996101364522415
-8.584398990432835,4.805344417446648,4.921052631578945
3.0805336875085327,-9.331776579120183,4.942495126705651
4.027597977139301,8.951970611049877,4.963937621832358
-9.00680760438513,-3.876003336817373,4.985380116959064
9.249219225456144,-3.2223704086524614,5.00682261208577
-4.638195904546408,8.614156300104987,5.028265107212475
-2.3960083708056246,-9.474154158441124,5.049707602339181
8.157157145016209,5.361364005594353,5.071150097465887
-9.625356497114606,1.5549961380417443,5.092592592592591
6.0400888830575115,-7.639631627659867,5.114035087719297
0.7059041814761452,9.701987903654624,5.135477582846003
-7.065856282027422,-6.669321578026925,5.15692007797271
9.703794812045047,0.14466273622055606,5.178362573099416
-7.244421023559762,6.4405272521630765,5.199805068226119
0.9901175384556945,-9.631107991411197,5.221247563352826
5.768721679056782,7.7611887710775465,5.242690058479532
-9.484837495561907,-1.8239424719124273,5.264132553606236
8.215900085206098,-5.055856227596093,5.285575048732943
-2.6397399943623445,9.266463055089023,5.307017543859649
-4.30764309316885,-8.605331172871862,5.328460038986355
8.978020004566506,3.431282511407984,5.3499025341130615
-8.926782344062994,3.5300438465529647,5.371345029239765
4.1925605709328915,-8.62208087274158,5.392787524366471
2.7292214918483073,9.178096934792757,5.414230019493178
-8.201732797837774,-4.9178291376051435,5.435672514619881
9.357675857198206,-1.9114911252758442,5.4571150097465875
-5.6016515863379155,7.7205509629219105,5.478557504873294
-1.083269592593393,-9.464487677088629,5.5
7.182568277463531,6.238941073017404,5.521442495126706
-9.498074155339596,0.25102454958321124,5.54288499025341
6.824998962901303,-6.592241560489084,5.564327485380116
-0.5787766664920214,9.45855122601729,5.585769980506822
-5.95441450787377,-7.355550021685809,5.607212475633526
9.346605420719916,1.3997179464110563,5.628654970760232
-7.826774101131822,5.274277751107744,5.6500974658869385
2.205484694560288,-9.163485785043028,5.671539961013645
4.557326337126803,8.235334080109233,5.692982456140351
-8.910991369021232,-2.9899130919753505,5.7144249512670555
8.578399852723877,-3.8093149783376097,5.735867446393762
-3.747037947838539,8.591454408581095,5.757309941520468
-3.03621143864332,-8.853668187581679,5.778752436647172
8.207719349177864,4.471138763062035,5.800194931773878
-9.05937831595401,2.244148434959821,5.821637426900584
5.156783645226658,-7.763117895608982,5.84307992202729
1.439374444302901,9.194323141362062,5.864522417153997
-7.261440303239046,-5.798870732642355,5.8859649122807
9.257855998612925,-0.628203813944804,5.9074074074074066
-6.392666806493231,6.706903155285669,5.928849902534113
0.18303342366695946,-9.249892926307885,5.950292397660817
6.1041138981708265,6.93384279374877,5.971734892787524
-9.170910453012034,-0.9880416285907027,5.99317738791423
7.418505889565943,-5.458032432022006,6.014619883040936
-1.7806091233375114,9.02193893333115,6.036062378167642
-4.7739300760152155,-7.843228056057824,6.057504873294346
8.80455150579594,2.5546568602756,6.078947368421052
-8.205070684330105,4.057346248210823,6.1003898635477585
3.304285800378069,-8.520848779417818,6.121832358674462
3.314043216689276,8.501605238339994,6.143274853801168
-8.173439389773286,-4.023822628984799,6.164717348927875
8.730929732151845,-2.549959293014988,6.186159844054581
-4.707863449020909,7.76541659822343,6.207602339181287
-1.771160850235898,-8.891680926280058,6.229044834307991
7.300331139118758,5.351315109745389,6.250487329434697
-8.983042163742665,0.9837935556805945,6.271929824561403
5.949433849444092,-6.782160549328834,6.293372319688107
0.1940332136876366,9.004746801914054,6.314814814814813
-6.215275241936239,-6.497860953358964,6.336257309941519
8.957077231972908,0.5919633849386318,6.357699805068226
-6.992655153368527,5.604401611227759,6.379142300194932
1.3681072115096233,-8.840859513402124,6.400584795321636
4.954582479002918,7.430321523291843,6.422027290448343
-8.657453686321524,-2.128424955590241,6.443469785575049
7.807836652952441,-4.2711352125218545,6.4649122807017525
-2.8671058061163137,8.408739859135938,6.486354775828459
-3.5596078619727725,-8.122669915066727,6.507797270955165
8.097100202780643,3.57854668589706,6.529239766081871
-8.37280067135808,2.825733680018863,6.5506822612085776
4.257395581869474,-7.725397015470674,6.572124756335281
2.0753843976736244,8.556731297776091,6.593567251461987
-7.296947053048418,-4.898592630291334,6.615009746588694
8.67349594304551,-1.3145226393652427,6.636452241715398
-5.49740863559323,6.815492349525102,6.657894736842104
-0.5491538655229864,-8.722664969699135,6.679337231968811
6.285167779990761,6.049480723691229,6.700779727095517
-8.704345061977586,-0.2147217666845661,6.722222222222223
6.550844855004137,-5.710465643504832,6.743664717348927
-0.9711572347183862,8.619175020218831,6.765107212475633
-5.096197566673784,-6.997964949017022,6.786549707602339
8.468317296324257,1.7143057884624857,6.807992202729043
-7.387758400763522,4.447454049191736,6.829434697855749
2.438467015946423,-8.253445359291728,6.8508771929824555
3.769561990505108,7.717617799824396,6.872319688109162
-7.976727013371091,-3.1381314687474364,6.893762183235868
7.985428694115761,-3.068040551809096,6.915204678362572
-3.8080234920529326,7.640803823845774,6.936647173489278
-2.348555719738963,-8.18958327357265,6.958089668615984
7.24876683653838,4.443141920396274,6.979532163742688
-8.328989882627248,1.61687394714663,7.000974658869394
5.038798318928504,-6.804128806572122,7.0224171539961
0.8788152524037055,8.4030783047406,7.0438596491228065
-6.310793179538708,-5.590652471362439,7.065302144249513
8.411800797008505,-0.14020616148918522,7.086744639376217
-6.094744839475386,5.773020093726962,7.1081871345029235
0.5931671231679844,-8.355628887660096,7.12962962962963
5.195389695303186,6.547525744926124,7.151072124756333
-8.23554598385188,-1.3156049465645911,7.17251461988304
6.945881051979961,-4.582763079098283,7.193957115009746
-2.0215394437370153,8.053035871238757,7.215399610136452
-3.9402411857900037,-7.287154159292535,7.236842105263158
7.810067220100097,2.705578436723156,7.258284600389862
-7.5691641399334815,3.2731220016288636,7.279727095516568
3.362547634028659,-7.509074245042074,7.3011695906432745
2.586856419323209,7.79021990107736,7.322612085769979
-7.152933696224796,-3.9875307961471993,7.344054580896685
7.949130267977661,-1.8870031281935595,7.3654970760233915
-4.575907548776491,6.7449383894315265,7.386939571150098
-1.179182908095698,-8.04520993071798,7.408382066276804
6.288767509839285,5.123388546065483,7.429824561403508
-8.078281226468238,0.4690327049986712,7.451267056530214
5.626047709207926,-5.788453949915443,7.47270955165692
-0.23784013375186427,8.048671764363714,7.494152046783624
-5.2483489651428545,-6.080351290977485,7.51559454191033
7.957207934302203,0.9359030893260478,7.537037037037036
-6.483183543955216,4.673084452184666,7.558479532163743
1.6197427973005318,-7.805204374697057,7.579922027290449
4.067533172405677,6.831868799143997,7.601364522417152
-7.5944495072289575,-2.2841081094015516,7.622807017543859
7.124189792092494,-3.4367672592540983,7.644249512670565
-2.923951542909279,7.327187278643253,7.665692007797269
-2.7860153607476574,-7.358402105323809,7.687134502923975
7.006095280380691,3.5344687843226663,7.708576998050681
-7.533244628514993,2.1206187781040735,7.730019493177387
4.111135931380326,-6.634259446056535,7.751461988304094
1.4459869683347524,7.647945971230934,7.772904483430798
-6.215145554279307,-4.6497441775837185,7.794346978557504
7.7022267968022495,-0.7675527823338649,7.815789473684211
-5.146431665802119,5.752567789802867,7.837231968810914
-0.09072781061994802,-7.696298079871573,7.8586744639376205
5.250654639328525,5.59771226216252,7.880116959064327
-7.630855323934571,-0.5791417935736444,7.901559454191033
6.000501028032863,-4.713812419229669,7.923001949317739
-1.2368186496813867,7.507068808592081,7.944444444444443
-4.146686750892709,-6.3521361962682015,7.965886939571149
7.326569968931906,1.877216288005819,7.987329434697855
-6.650397487767373,3.5541223151084163,8.00877192982456
2.495439746528463,-7.091434041204259,8.030214424951266
2.9411212298831755,6.893520635530946,8.051656920077972
-6.8041591394819045,-3.0868242963969856,8.073099415204679
7.080208015558019,-2.31280040606982,8.094541910331385
-3.6469719831252725,6.467641957055171,8.115984405458088
-1.674348242266403,-7.20963531680059,8.137426900584794
6.085150313664437,4.171785690065089,8.1588693957115
-7.28145421573475,1.0309810244469628,8.180311890838205
4.657500452612837,-5.660292795096076,8.201754385964911
0.3878993967483925,7.295791054629193,8.223196881091617
-5.196985754956741,-5.100711775711999,8.244639376218323
7.253241556016204,0.24975473228890438,8.26608187134503
-5.498400733317352,4.6994179693864755,8.287524366471734
0.8769404887974508,-7.154861638911452,8.30896686159844
4.172013253985686,5.847955656291685,8.330409356725147
-7.002154434735088,-1.488759186987125,8.35185185185185
6.14719024467853,-3.6193913679769527,8.373294346978556
-2.0804939968069243,6.797053632350632,8.394736842105262
-3.0463275437553237,-6.394357970876147,8.416179337231968
6.541903311941737,2.6476477997101457,8.437621832358674
-6.588162671983301,2.457710990118689,8.459064327485379
3.1859789228834434,-6.239434456308707,8.480506822612085
1.858502724717637,6.727765262018141,8.501949317738791
-5.892738355362813,-3.6915344613877594,8.523391812865494
6.81278652764634,-1.2536930954902716,8.5448343079922
-4.160680919124952,5.505237144899067,8.566276803118907
-0.6482593520411676,-6.843306004193515,8.587719298245613
5.080651743929646,4.590131923206884,8.60916179337232
-6.819856961785003,0.04712362607957187,8.630604288499024
4.976972791961124,-4.622967475770336,8.65204678362573
-0.5448883248290335,6.743417564175568,8.673489278752436
-4.136397676520314,-5.318681764240487,8.69493177387914
6.615398294929713,1.1230872637751026,8.716374269005847
-5.613147726678763,3.6253456104108426,8.737816764132553
1.6829591755886002,-6.437625776820448,8.75925925925926
3.09436502459264,5.858684305806297,8.780701754385966
-6.212323140371258,-2.220202200336455,8.802144249512668
6.054040223250036,-2.54811968617939,8.823586744639375
-2.730761493297189,5.942087126120615,8.845029239766081
-1.991342251684109,-6.198405844328442,8.866471734892786
5.629862132202808,3.210861724242556,8.887914230019492
-6.291415882941259,1.4287928233185763,8.909356725146198
3.6570369500067583,-5.278911443987116,8.930799220272904
0.8652175479410136,6.333148258472556,8.95224171539961
-4.892785905590846,-4.066157617678178,8.973684210526315
6.3241191331962865,-0.30530761272605883,8.995126705653021
-4.435454481107274,4.475290313887563,9.016569200779728
0.24634101308896716,-6.265274191121158,9.03801169590643
4.0304478339977425,4.7625392405727265,9.059454191033137
-6.15797625106289,-0.7852667487144894,9.080896686159843
5.045421744156071,-3.562462751021099,9.102339181286549
-1.3071801534965,6.003989337719595,9.123781676413255
-3.0756818858175987,-5.282523619401504,9.14522417153996
5.805459364390078,1.8079999421011577,9.166666666666666
-5.472688234929739,2.5745550128576205,9.188109161793372
2.283886961612892,-5.564891609465122,9.209551656920077
2.063594625455944,5.6151869235732,9.230994152046783
-5.2851251956998535,-2.7312758476249877,9.25243664717349
5.7097214310380275,-1.5473353980163636,9.273879142300196
-3.1469040974749407,4.969304806316343,9.295321637426902
-1.0302936962064855,-5.7564225868085686,9.316764132553605
4.620849894981153,3.527838322089062,9.33820662768031
-5.75584522672161,0.5169274842411419,9.359649122807017
3.8714974632634087,-4.2434216674611385,9.381091617933722
0.011596973688495143,5.708959429084798,9.402534113060428
-3.8408881311104683,-4.175672790417907,9.423976608187134
5.61713815813275,0.4814736495416955,9.44541910331384
-4.438544519703212,3.4172875241314244,9.466861598440547
0.9582330940565803,-5.4821414397523265,9.48830409356725
2.9767904496520803,4.658694928591463,9.509746588693956
-5.306097224520784,-1.4148381152593676,9.531189083820662
4.835117870513625,-2.5236610499703285,9.552631578947366
-1.8476866549269773,5.0914791219593,9.574074074074073
-2.0622175637453233,-4.967224626486466,9.595516569200779
4.841081217298125,2.253448690911937,9.616959064327485
-5.054846063772678,1.5967926134200627,9.638401559454191
2.629094541255619,-4.557990207790934,9.659844054580896
1.131693571705548,5.098231105217869,9.681286549707602
-4.245555119543757,-2.971920390832252,9.702729044834308
5.0980415468022615,-0.6711633545496183,9.724171539961011
-3.2795708346963686,3.907354887812247,9.745614035087717
-0.21934198368414323,-5.055343294949344,9.767056530214424
3.5471641036843926,3.5500582604273747,9.78849902534113
-4.971594129099118,-0.21977074534243202,9.809941520467836
3.781778921805733,-3.168917247972567,9.83138401559454
-0.6423511636838626,4.848628128877547,9.852826510721247
-2.7766717490222352,-3.9735255879800593,9.874269005847953
4.688636938841478,1.0447858848630773,9.895711500974656
-4.12449668578431,2.37457021512631,9.917153996101362
1.4237039171733872,-4.494148077308342,9.938596491228068
1.9668022045495512,4.234301887970667,9.960038986354775
-4.2680005293831815,-1.7760064515724965,9.981481481481481
4.302964136835193,-1.5575659072113923,10.002923976608185
-2.0988940628631347,4.013317898352339,10.024366471734892
-1.1510301224632773,-4.330918131124772,10.045808966861598
3.733479424775248,2.3898910824291306,10.067251461988302
-4.3190053444692005,0.7512969280634663,10.088693957115009
2.6468669221409,-3.432089219925624,10.110136452241715
0.3623654478034111,4.268465686342018,10.131578947368421
-3.1129441013609034,-2.868054150471454,10.153021442495128
4.1809259625099635,0.011902858606445826,10.17446393762183
-3.052063142246602,2.780000465895067,10.195906432748536
0.3678169366073503,-4.058385342373417,10.217348927875243
2.4373406930938386,3.1978931411244202,10.238791423001947
-3.903198097594068,-0.7018864268671862,10.260233918128653
3.304939586304879,-2.0891396468363097,10.28167641325536
-1.0108489674367855,3.718053943230509,10.303118908382066
-1.7396319434025007,-3.372997558058797,10.324561403508772
3.5059563944984564,1.2916938837413905,10.346003898635477
-3.4022611837858343,1.3930807980055326,10.367446393762183
1.541681501813129,-3.2701996577102452,10.38888888888889
1.0537494743129225,3.393318806178583,10.410331384015592
-3.014344716887071,-1.7583570917818254,10.431773879142298
3.347143627864921,-0.7258766886721292,10.453216374269005
-1.9395580710102704,2.742195481538229,10.47465886939571
-0.41365784231537434,-3.2650793765483925,10.496101364522417
2.4577761671523297,2.08341245857249,10.517543859649122
-3.148820212892247,0.12123481649319347,10.538986354775828
2.188325466168858,-2.1653115619381658,10.560428849902534
-0.14730145527194202,3.000383495242546,10.581871345029239
-1.86921263027822,-2.2529491228089875,10.603313840155945
2.822072840397086,0.3878887718977061,10.624756335282651
-2.2761261030578233,1.5740712901165748,10.646198830409357
0.596439940175979,-2.616426560688848,10.667641325536064
1.2846707554933026,2.2567915554666866,10.689083820662766
-2.386141557716629,-0.7687356537320453,10.710526315789473
2.193801140553363,-1.0060228611861328,10.731968810916179
-0.9002204386087683,2.1339513689351346,10.753411306042883
-0.7434545105730033,-2.085617643320538,10.77485380116959
1.8624085949785434,0.9856066699900846,10.796296296296296
-1.9296965773425052,0.5027907715289126,10.817738791423002
1.0180529255601671,-1.5734412216759184,10.839181286549708
0.2907512475186397,1.7211376426512544,10.860623781676411
-1.2672793137343703,-0.9872368957070408,10.882066276803117
1.449159087568481,-0.11590685642815285,10.903508771929824
-0.8737641764918241,0.9391357603240974,10.924951267056528
0.008379082342646066,-1.0846167038244738,10.946393762183234
0.5629957516180806,0.6241823583676981,10.96783625730994
